time,pos_x_altitude,pos_y_crossrange,pos_z_downrange,vel_x_altitude,vel_y_crossrange,vel_z_downrange,control_x,control_y,control_z,log_mass,mass_kg,thrust_slack,thrust_magnitude,velocity_magnitude,position_magnitude,fuel_consumed_kg,throttle_percentage,accel_thrust_x,accel_thrust_y,accel_thrust_z,accel_thrust_magnitude,accel_total_x,accel_total_y,accel_total_z,accel_total_magnitude,accel_gravity_x,accel_gravity_y,accel_gravity_z,accel_gravity_magnitude,accel_thrust_gforce,accel_total_gforce
0.0,20.000000000000004,5.000000000000003,5.000000000000003,-6.426139076813022e-14,1.684804960098002e-14,1.6848049616551595e-14,0.73491201738,8.358404751232561e-16,8.358404758819389e-16,5.298317366416077,199.99999997360806,0.7349120173811945,0.73491201738,6.853641291089868e-14,21.21320343559643,2.6391944629722275e-08,0.036745600869,0.73491201738,8.358404751232561e-16,8.358404758819389e-16,0.73491201738,-2.97508798262,8.358404751232561e-16,8.358404758819389e-16,2.97508798262,-3.71,0.0,0.0,3.71,0.19808949255525607,0.8019105074447439
0.5042016806722689,19.992003547064314,4.999462103135407,4.99946210313551,-0.15992905871364702,-0.010757937291979281,-0.01075793728990125,3.486506808349629,-0.21515874584025774,-0.21515874579869715,5.29821149780919,199.97882737301003,3.4997596495436905,3.499759462659332,0.16065108231986722,21.205410829955813,0.021172626989965693,0.17498797313296657,3.486506808349629,-0.21515874584025774,-0.21515874579869715,3.499759462659332,-0.22349319165037107,-0.21515874584025774,-0.21515874579869715,0.3775391085957725,-3.71,0.0,0.0,3.71,0.9433313915523805,0.10176256296382008
1.0084033613445378,19.97478258793752,4.997328372039887,4.997328372040293,-0.18449012382234664,-0.03191668461847332,-0.03191668461448426,3.4422718894776643,-0.20801620068995225,-0.2080162006932921,5.298037630538414,199.9440606225694,3.4548196668507614,3.4548194222836717,0.18993144895409064,21.188169367629794,0.05593937743060451,0.17274097111418357,3.4422718894776643,-0.20801620068995225,-0.2080162006932921,3.4548194222836717,-0.2677281105223357,-0.20801620068995225,-0.2080162006932921,0.3977685516279718,-3.71,0.0,0.0,3.71,0.9312181731222835,0.1072152430264075
1.5126050420168067,19.953975313559468,4.99316560832769,4.99316560832848,-0.23165536373861303,-0.05133858962550783,-0.05133858962182949,3.0344233121982933,-0.18042189945106152,-0.18042189945393616,5.297875129133985,199.91157207169996,3.045132224363754,3.045132010474514,0.24276636735339602,21.16659009851425,0.08842792830003532,0.1522566005237257,3.0344233121982933,-0.18042189945106152,-0.18042189945393616,3.045132010474514,-0.6755766878017067,-0.18042189945106152,-0.18042189945393616,0.7221550974030577,-3.71,0.0,0.0,3.71,0.8207902993192759,0.19465096965041986
2.0168067226890756,19.926463224300395,4.9871936654373865,4.9871936654385305,-0.31858642144295135,-0.06810026818062119,-0.06810026817720904,2.646955533716228,-0.1548116716515243,-0.1548116716539737,5.297732598671007,199.88308061327658,2.655994710180674,2.655994522741114,0.3328251808080424,21.13783664291512,0.11691938672342417,0.1327997261370557,2.646955533716228,-0.1548116716515243,-0.1548116716539737,2.655994522741114,-1.0630444662837721,-0.1548116716515243,-0.1548116716539737,1.0853556304992327,-3.71,0.0,0.0,3.71,0.7159014886094648,0.29254868746610047
2.5210084033613445,19.88861157309757,4.979654992648098,4.979654992649572,-0.43844660261347246,-0.08267318760520068,-0.08267318760201837,2.375840842874639,-0.1366467168403785,-0.13664671684252594,5.29760660459394,199.85789811546957,2.3836873050325544,2.3836871357454554,0.4537677106630434,21.098597062297188,0.14210188453043315,0.11918435678727277,2.375840842874639,-0.1366467168403785,-0.13664671684252594,2.3836871357454554,-1.3341591571253608,-0.1366467168403785,-0.13664671684252594,1.3480820846627068,-3.71,0.0,0.0,3.71,0.6425032710904193,0.3633644433053118
3.0252100840336134,19.837697782847517,4.97073273343024,4.970732733432022,-0.5798292023876743,-0.09577199675201321,-0.09577199674903608,2.216507161642614,-0.12532946609618037,-0.12532946609813592,5.297491420991111,199.83487908844347,2.2235826162216767,2.223582458052184,0.595438035957304,21.04639211689264,0.16512091155652797,0.11117912290260921,2.216507161642614,-0.12532946609618037,-0.12532946609813592,2.223582458052184,-1.493492838357386,-0.12532946609618037,-0.12532946609813592,1.503973340311988,-3.71,0.0,0.0,3.71,0.5993483714426372,0.40538364967978113
3.5294117647058822,19.772082743042972,4.960543418601723,4.960543418603795,-0.7324715937031602,-0.10801429981836022,-0.10801429981557327,2.150645012048957,-0.11951659523106221,-0.11951659523291087,5.297381897741687,199.8129937216375,2.1572767689961765,2.157276616691228,0.748230454814522,20.97973398338082,0.18700627836250305,0.10786383083456139,2.150645012048957,-0.11951659523106221,-0.11951659523291087,2.157276616691228,-1.559354987951043,-0.11951659523106221,-0.11951659523291087,1.5684885755144953,-3.71,0.0,0.0,3.71,0.5814761770057217,0.4227732009473033
4.033613445378151,19.691016560216376,4.949150842088359,4.9491508420907,-0.8888520628287885,-0.11983723044898105,-0.11983723044637612,2.14174560543977,-0.11694201738165205,-0.11694201738344356,5.297274261051495,199.79148766977684,2.1481214470865857,2.14812129761789,0.9048645827955322,20.89795016957947,0.20851233022315796,0.1074060648808945,2.14174560543977,-0.11694201738165205,-0.11694201738344356,2.14812129761789,-1.5682543945602299,-0.11694201738165205,-0.11694201738344356,1.5769504484657955,-3.71,0.0,0.0,3.71,0.5790084360156038,0.42505402923606345
4.53781512605042,19.59433840716407,4.9365850175609225,4.936585017563515,-1.0447109982173977,-0.13147926009980546,-0.13147926009737795,2.1610756867893346,-0.11589857563512743,-0.11589857563688528,5.29716637421238,199.76993396039177,2.167282567102489,2.167282418998711,1.0611289560974848,20.8009096167861,0.23006603960823213,0.10836412094993556,2.1610756867893346,-0.11589857563512743,-0.11589857563688528,2.167282418998711,-1.5489243132106654,-0.11589857563512743,-0.11589857563688528,1.5575723057771802,-3.71,0.0,0.0,3.71,0.5841731587597604,0.4198308101825284
5.042016806722689,19.482217183147842,4.922857870149029,4.922857870151856,-1.1977134821071533,-0.1430636881381173,-0.14306368813586465,2.198874635416844,-0.11578998513139689,-0.11578998513313538,5.297057066294149,199.74809871818968,2.2049637082172677,2.204963560604442,1.2146818607964633,20.688785503038726,0.25190128181031923,0.1102481780302221,2.198874635416844,-0.11578998513139689,-0.11578998513313538,2.204963560604442,-1.511125364583156,-0.11578998513139689,-0.11578998513313538,1.5199718776347269,-3.71,0.0,0.0,3.71,0.594329800702006,0.409695923890762
5.546218487394958,19.355018994827596,4.907971234500871,4.907971234503913,-1.3462502842978041,-0.1546690248250964,-0.1546690248230171,2.250389320771434,-0.11631674860846658,-0.11631674861019438,5.296945530565488,199.72582091085917,2.2563935678772777,2.2563934202740903,1.3639042644012696,20.561933847951728,0.27417908914083,0.11281967101370452,2.250389320771434,-0.11631674860846658,-0.11631674861019438,2.2563934202740903,-1.459610679228566,-0.11631674860846658,-0.11631674861019438,1.4688507435856675,-3.71,0.0,0.0,3.71,0.6081922965698356,0.3959166424759212
6.050420168067227,19.213247152676093,4.891920543194782,4.891920543198023,-1.4891865587322253,-0.1663448012967417,-0.16634480129483484,2.3108851905414367,-0.11719878082471569,-0.11719878082643713,5.296831198345988,199.70298711980686,2.316821563496978,2.3168214157154483,1.5076530743327519,20.420838360647927,0.29701288019313665,0.11584107078577241,2.3108851905414367,-0.11719878082471569,-0.11719878082643713,2.3168214157154483,-1.3991148094585633,-0.11719878082471569,-0.11719878082643713,1.4088979233785088,-3.71,0.0,0.0,3.71,0.6244801659610373,0.37975685266267084
6.554621848739496,19.05749484863427,4.8746976266654904,4.874697626668915,-1.6258595221042234,-0.1781135292891237,-0.1781135292873886,2.3756555420198966,-0.11817577902319486,-0.11817577902490987,5.296713737740236,199.67953126356576,2.3815270286425667,2.381526880769086,1.6452562244975735,20.26606680657575,0.32046873643423623,0.11907634403845431,2.3756555420198966,-0.11817577902319486,-0.11817577902490987,2.381526880769086,-1.3343444579801034,-0.11817577902319486,-0.11817577902490987,1.3447699290354833,-3.71,0.0,0.0,3.71,0.6419209921210475,0.36247167898530547
7.0588235294117645,18.888400200407876,4.856293213582413,4.856293213586001,-1.7560334424237127,-0.1899747323724929,-0.18997473237092888,2.4408660515916125,-0.11904828264445537,-0.11904828264616094,5.296593030980775,199.65543004903535,2.446665647736167,2.4466655000252944,1.7764667879782838,20.09822951613839,0.3445699509646545,0.12233327500126472,2.4408660515916125,-0.11904828264445537,-0.11904828264616094,2.4466655000252944,-1.2691339484083874,-0.11904828264445537,-0.11904828264616094,1.2802523056820705,-3.71,0.0,0.0,3.71,0.6594785714353893,0.34508148401133976
7.563025210084033,18.706608921048392,4.8366988876340455,4.836698887637782,-1.8797921447658938,-0.20191178659491,-0.2019117865935158,2.503959901566056,-0.11969280180414657,-0.11969280180583786,5.296469120470824,199.63069217555633,2.509675011033448,2.509674863853593,1.9013561598645565,19.91794491367933,0.3693078244436663,0.12548374319267966,2.503959901566056,-0.11969280180414657,-0.11969280180583786,2.509674863853593,-1.2060400984339439,-0.11969280180414657,-0.11969280180583786,1.2178610153208844,-3.71,0.0,0.0,3.71,0.6764622274537987,0.32826442461479366
8.067226890756302,18.512748672382305,4.815908341619206,4.815908341623073,-1.9974128285559067,-0.21389913370194147,-0.2138991337007154,2.563626422634988,-0.12005414033673832,-0.12005414033840967,5.296342145490094,199.6053456814836,2.5692425302611333,2.569242384061234,2.020189022462023,19.725815818783897,0.39465431851638755,0.1284621192030617,2.563626422634988,-0.12005414033673832,-0.12005414033840967,2.569242384061234,-1.1463735773650119,-0.12005414033673832,-0.12005414033840967,1.1588780661074929,-3.71,0.0,0.0,3.71,0.6925181628197397,0.3123660555545803
8.571428571428571,18.30741541101386,4.793917969648405,4.7939179696523855,-2.1092523988129757,-0.22590830571414508,-0.22590830571308487,2.6195821722249337,-0.12012929990758422,-0.12012929990922996,5.296212285202545,199.57942655686603,2.625085449083193,2.625085304219973,2.1333107619564204,19.52241680814396,0.42057344313397493,0.13125426521099864,2.6195821722249337,-0.12012929990758422,-0.12012929990922996,2.625085304219973,-1.0904178277750662,-0.12012929990758422,-0.12012929990922996,1.103572895880767,-3.71,0.0,0.0,3.71,0.7075701628625265,0.29745900158511235
9.07563025210084,18.09116987953181,4.770726939876834,4.770726939880913,-2.215658230827966,-0.23791228971731337,-0.23791228971641626,2.672301187476559,-0.11995038015602677,-0.11995038015764198,5.296079713933253,199.5529698127036,2.6776800762523334,2.677679933074184,2.24105910476104,19.308290931096185,0.44703018729640576,0.1338839966537092,2.672301187476559,-0.11995038015602677,-0.11995038015764198,2.677679933074184,-1.0376988125234408,-0.11995038015602677,-0.11995038015764198,1.0514727827728576,-3.71,0.0,0.0,3.71,0.7217466126884593,0.2834158444131692
9.579831932773109,17.864541696685027,4.74633691126124,4.7463369112654,-2.3169054261077626,-0.2498882825946302,-0.2498882825938928,2.7227549069288046,-0.11956947739054835,-0.11956947739212903,5.295944569737412,199.5260032093017,2.728000874929598,2.7280007336971446,2.3437019992062584,19.08395342121331,0.47399679069829403,0.13640003668485723,2.7227549069288046,-0.11956947739054835,-0.11956947739212903,2.7280007336971446,-0.9872450930711953,-0.11956947739054835,-0.11956947739212903,1.00162198140837,-3.71,0.0,0.0,3.71,0.7353101708078557,0.26997897073001886
10.084033613445378,17.62803851121539,4.720751542707832,4.720751542712058,-2.413158283285003,-0.2618190884735784,-0.26181908847299723,2.772187949527689,-0.11904664018864974,-0.11904664019019288,5.295806935113194,199.49854341258091,2.777295627927349,2.777295488886142,2.441399469641335,18.849900053021226,0.501456587419085,0.1388647744443071,2.772187949527689,-0.11904664018864974,-0.11904664019019288,2.777295488886142,-0.9378120504723109,-0.11904664018864974,-0.11904664019019288,0.9528040969117729,-3.71,0.0,0.0,3.71,0.7485971668156717,0.25682051129697386
10.588235294117647,17.38215800410926,4.693975914534588,4.693975914538864,-2.504451858837572,-0.2736934749913638,-0.273693474990935,2.8219405394222306,-0.1184410901672878,-0.11844109016879126,5.295666827785139,199.47059416270562,2.8269074560734784,2.826907319265175,2.534185342420801,18.606618087452684,0.5294058372943766,0.14134536596325875,2.8219405394222306,-0.1184410901672878,-0.11844109016879126,2.826907319265175,-0.8880594605777694,-0.1184410901672878,-0.11844109016879126,0.9037179810107056,-3.71,0.0,0.0,3.71,0.761969627834279,0.2435897522939907
11.092436974789916,17.127400970691724,4.666015950540279,4.666015950544592,-2.5906888095131477,-0.2855058048948419,-0.2855058048945614,2.8733204470675577,-0.11780550790249818,-0.11780550790396077,5.295524199144485,199.44214597182145,2.8781465287360826,2.8781463942824703,2.621964080035002,18.35459816264809,0.5578540281785536,0.14390731971412352,2.8733204470675577,-0.11780550790249818,-0.11780550790396077,2.8781463942824703,-0.8366795529324422,-0.11780550790249818,-0.11780550790396077,0.853105473947921,-3.71,0.0,0.0,3.71,0.7757806992675123,0.2299475671018655
11.596638655462185,16.864284194274322,4.6368778989715524,4.636877898975886,-2.6716467188348973,-0.2972552264797549,-0.29725522647961855,2.9275213664987616,-0.11718292379597914,-0.11718292379740011,5.295378937939663,199.41317686949958,2.9322083488959994,2.932208216782338,2.7045179847063787,18.09434593140168,0.5868231305004201,0.1466104108391169,2.9275213664987616,-0.11718292379597914,-0.11718292379740011,2.932208216782338,-0.7824786335012384,-0.11718292379597914,-0.11718292379740011,0.7998352875092763,-3.71,0.0,0.0,3.71,0.7903526190787973,0.2155890262828238
12.100840336134453,16.593352274278583,4.606567905083263,4.606567905087603,-2.7469916810799035,-0.3089446512860775,-0.3089446512860812,2.9855793886024156,-0.11660557233068743,-0.11660557233206674,5.295230877097851,199.38365377232515,2.990130228066745,2.9901300982808476,2.78152060769622,17.8263926644353,0.6163462276748533,0.14950650491404238,2.9855793886024156,-0.11660557233068743,-0.11660557233206674,2.9901300982808476,-0.7244206113975844,-0.11660557233068743,-0.11660557233206674,0.7429528526192668,-3.71,0.0,0.0,3.71,0.8059649860595277,0.20025683359009888
12.605042016806722,16.31518794356115,4.575091688539759,4.5750916885440915,-2.816294933268775,-0.32057967958406147,-0.320579679584201,3.048355567621465,-0.11609499362919995,-0.11609499363053755,5.29507980206912,199.35353415632113,3.0527739091472816,3.0527737816190412,2.8525532095089656,17.551304383174884,0.6464658436788682,0.15263868908095204,3.048355567621465,-0.11609499362919995,-0.11609499363053755,3.0527737816190412,-0.6616444323785351,-0.11609499362919995,-0.11609499363053755,0.6817106790929364,-3.71,0.0,0.0,3.71,0.8228500759080973,0.18374950918947072
13.109243697478991,16.03042066793726,4.542454326297418,4.54245432630173,-2.879050579209038,-0.3321675652628148,-0.332167565263086,3.116531513574574,-0.11566271994606905,-0.11566271994736498,5.294925459713249,199.32276783654245,3.120821235945152,3.1208211106493065,2.917122352673835,17.269689325638304,0.6772321634575462,0.1560410555324653,3.116531513574574,-0.11566271994606905,-0.11566271994736498,3.1208211106493065,-0.5934684864254258,-0.11566271994606905,-0.11566271994736498,0.6155977371230593,-3.71,0.0,0.0,3.71,0.8411916740294627,0.1659293091975901
13.61344537815126,15.739733455242819,4.508660135357706,4.508660135361985,-2.9346936746797665,-0.34371625353146434,-0.3437162535318629,3.190606577012159,-0.1153110454271185,-0.11531104542837282,5.294767567363313,199.29129878075997,3.1947714144336627,3.1947712912927786,2.9746779136721875,16.982203675449664,0.7087012192400266,0.15973856456463892,3.190606577012159,-0.1153110454271185,-0.11531104542837282,3.1947712912927786,-0.5193934229878407,-0.1153110454271185,-0.11531104542837282,0.5443921401327404,-3.71,0.0,0.0,3.71,0.8611243372756816,0.14673642591178987
14.117647058823529,15.443867826447553,4.473712648400327,4.473712648404559,-2.9826189012255035,-0.35523348561618207,-0.3552334856167041,3.2708888920744075,-0.11503359626742937,-0.11503359626864178,5.294605822180011,199.25906697984772,3.2749321204966404,3.2749319994217374,3.024631740981709,16.689555511209214,0.7409330201522835,0.16374659997108687,3.2708888920744075,-0.11503359626742937,-0.11503359626864178,3.2749319994217374,-0.4391111079255925,-0.11503359626742937,-0.11503359626864178,0.4682777185008445,-3.71,0.0,0.0,3.71,0.8827309971487163,0.126220409299419
14.621848739495798,15.14362685193875,4.437614676740081,4.437614676744255,-3.02220058895057,-0.366725947588783,-0.36672594758942423,3.3574773534255784,-0.11481564318477824,-0.11481564318594839,5.294439911177608,199.22601045060392,3.361401529515399,3.3614014105140377,3.0663777068592553,16.392506893981633,0.7739895493960773,0.1680700705257019,3.3574773534255784,-0.11481564318477824,-0.11481564318594839,3.3614014105140377,-0.35252264657442156,-0.11481564318477824,-0.11481564318594839,0.3881204454650281,-3.71,0.0,0.0,3.71,0.9060381160415196,0.10461467532750084
15.126050420168067,14.839876077627602,4.400368457166432,4.400368457170536,-3.0528148972723694,-0.3781984438842489,-0.3781984438850049,3.450236480139725,-0.11463428272472097,-0.11463428272584811,5.294269522326351,199.19206745137922,3.454043227105563,3.454043110101384,3.0993139439110733,16.09187394671704,0.8079325486207836,0.1727021555050692,3.450236480139725,-0.11463428272472097,-0.11463428272584811,3.454043110101384,-0.2597635198602748,-0.11463428272472097,-0.11463428272584811,0.30620111659182486,-3.71,0.0,0.0,3.71,0.9310089245556291,0.08253399369051884
15.630252100840336,14.533542104072867,4.361975880262056,4.361975880266081,-3.0738645738224224,-0.3896530942032983,-0.3896530942041649,3.5487699888605326,-0.11445872365644467,-0.11445872365752775,5.294094356941623,199.15717895196732,3.552459830908281,3.5524597158419065,3.1228676702424627,15.78852473320005,0.8428210480326754,0.17762298579209532,3.5487699888605326,-0.11445872365644467,-0.11445872365752775,3.5524597158419065,-0.16123001113946733,-0.11445872365644467,-0.11445872365752775,0.22846600476746082,-3.71,0.0,0.0,3.71,0.9575363115476837,0.06158113336050157
16.134453781512605,14.22560857371463,4.322438796708459,4.322438796712391,-3.0848060333422764,-0.4010885768686956,-0.4010885768696682,3.6524008207436958,-0.11425092965167209,-0.1142509296527099,5.293914143230416,199.12129133145257,3.6559730760136606,3.6559729628680246,3.1365223347419033,15.483374748263317,0.8787086685474321,0.18279864814340124,3.6524008207436958,-0.11425092965167209,-0.1142509296527099,3.6559729628680246,-0.0575991792563042,-0.11425092965167209,-0.1142509296527099,0.1715348807204519,-3.71,0.0,0.0,3.71,0.985437456298659,0.046235816905782184
16.63865546218487,13.917109384810672,4.2817593947063095,4.281759394710139,-3.085177744736928,-0.4124994631743575,-0.4124994631754315,3.76016495136459,-0.11396679646173347,-0.11396679646272401,5.293728650488663,199.08435920260888,3.7636176956743284,3.7636175845670605,3.1398460680197666,15.177379900929196,0.91564079739112,0.18818087922835303,3.76016495136459,-0.11396679646173347,-0.11396679646272401,3.7636175845670605,0.05016495136458987,-0.11396679646173347,-0.11396679646272401,0.16879983334452026,-3.71,0.0,0.0,3.71,1.0144521791285876,0.045498607370490635
17.142857142857142,13.609119082621573,4.239940636607216,4.239940636610934,-3.0746282990449725,-0.42387569880756654,-0.4238756988087371,3.8708239624758263,-0.11355791620260854,-0.11355791620354971,5.29353770313523,199.04634820027488,3.87415407454389,3.8741539655958213,3.1325198153193505,14.871527003267438,0.9536517997251224,0.19370769827979106,3.8708239624758263,-0.11355791620260854,-0.11355791620354971,3.8741539655958213,0.1608239624758263,-0.11355791620260854,-0.11355791620354971,0.22727768823885258,-3.71,0.0,0.0,3.71,1.0442463519126204,0.06126083240939423
17.647058823529413,13.302740557908598,4.1969867373096195,4.196986737313216,-3.052942195214629,-0.4352022871444139,-0.435202287145676,3.9828981141323445,-0.11297385053449505,-0.11297385053538442,5.293341193600605,199.00723753795612,3.986101406296245,3.9861012994363763,3.114363194746957,14.566821949119932,0.9927624620438849,0.19930506497181882,3.9828981141323445,-0.11297385053449505,-0.11297385053538442,3.9861012994363763,0.27289811413234455,-0.11297385053449505,-0.11297385053538442,0.31622707427791813,-3.71,0.0,0.0,3.71,1.0744208354275946,0.08523640816116392
18.15126050420168,12.99909038035939,4.1529036621205915,4.152903662124057,-3.020061355769561,-0.44645921663619875,-0.4464592166375472,4.094718674770333,-0.11216473930135566,-0.11216473930219076,5.293139093076341,198.9670221348314,4.097790104578789,4.09778999986556,3.085356098872981,14.264275949745574,1.03297786516859,0.20488949999327796,4.094718674770333,-0.11216473930135566,-0.11216473930219076,4.09778999986556,0.3847186747703333,-0.11216473930135566,-0.11216473930219076,0.416137376598535,-3.71,0.0,0.0,3.71,1.1045256064327655,0.11216640878666712
18.655462184873947,12.699282282058693,4.107699618541471,4.107699618544797,-2.976100610244313,-0.4576216549462735,-0.45762165494770246,4.204496235735937,-0.11108402690028339,-0.11108402690106138,5.292931459244589,198.92571413825047,4.207430187251758,4.20743008478841,3.04565428117661,13.96489036089323,1.0742858617495301,0.21037150423942047,4.204496235735937,-0.11108402690028339,-0.11108402690106138,4.20743008478841,0.49449623573593726,-0.11108402690028339,-0.11108402690106138,0.5188505075857113,-3.71,0.0,0.0,3.71,1.1340781899699217,0.13985188883711894
19.159663865546218,12.404409463417743,4.0613855152616605,4.061385515264841,-2.9213557625747426,-0.4686604106499606,-0.4686604106514644,4.3104007176567825,-0.10969108717360097,-0.10969108717431877,5.292718440296504,198.8833437048904,4.3131913333610195,4.313191233412555,2.9955975451571004,13.669640768626948,1.1166562951096068,0.21565956167062775,4.3104007176567825,-0.10969108717360097,-0.10969108717431877,4.313191233412555,0.6004007176567825,-0.10969108717360097,-0.10969108717431877,0.6201171590704373,-3.71,0.0,0.0,3.71,1.1625852381165915,0.16714748222922837
19.66386554621849,12.115526509784743,4.013975362606607,4.013975362609633,-2.8563033100852215,-0.47954264245116673,-0.47954264245273903,4.4106483321349605,-0.10795354885065729,-0.10795354885131167,5.292500274774445,198.8399589490833,4.413289873357072,4.413289776026944,2.9357096060515584,13.379461089018006,1.1600410509167034,0.2206644888013472,4.4106483321349605,-0.10795354885065729,-0.10795354885131167,4.413289776026944,0.7006483321349606,-0.10795354885065729,-0.10795354885131167,0.7170885738474333,-3.71,0.0,0.0,3.71,1.189565977365753,0.19328532987801436
20.168067226890756,11.833631775377224,3.965486591614249,3.9654865916171147,-2.7815913780651327,-0.49023277739605403,-0.4902327773976885,4.503590308268122,-0.10584915004722152,-0.10584915004780929,5.2922772870211,198.79562501650759,4.506077518329538,4.506077423864144,2.8666891960229632,13.095228474974578,1.2043749834924142,0.22530387119320722,4.503590308268122,-0.10584915004722152,-0.10584915004780929,4.506077423864144,0.7935903082681222,-0.10584915004722152,-0.10584915004780929,0.8075850806624996,-3.71,0.0,0.0,3.71,1.2145761250307667,0.2176779193160376
20.672268907563023,11.559651106445276,3.9159402735671387,3.9159402735698383,-2.698022000573862,-0.5006935835462014,-0.5006935835478912,4.587797241558602,-0.10336697295585287,-0.10336697295637047,5.292049878302106,198.75042229802204,4.590125687978213,4.590125596522271,2.7893925583881076,12.817749808568305,1.2495777019779553,0.22950627982611357,4.587797241558602,-0.10336697295585287,-0.10336697295637047,4.590125596522271,0.8777972415586017,-0.10336697295585287,-0.10336697295637047,0.8898862059185485,-3.71,0.0,0.0,3.71,1.2372306190086984,0.23986151102925835
21.176470588235293,11.29442372795377,3.8653612279531693,3.8653612279556966,-2.60652556925622,-0.5108873287332337,-0.5108873287349717,4.66213138479556,-0.10050793078491496,-0.10050793078535945,5.291818514014277,198.70444386719979,4.664297756525706,4.664297668180836,2.7048081759172122,12.54775048332218,1.2955561328002148,0.23321488340904184,4.66213138479556,-0.10050793078491496,-0.10050793078535945,4.664297668180836,0.9521313847955604,-0.10050793078491496,-0.10050793078535945,0.9626826383674587,-3.71,0.0,0.0,3.71,1.2572230911538642,0.259483190934625
21.680672268907564,11.03869099316091,3.8137780142470126,3.8137780142493645,-2.5081291266009864,-0.5207769453899542,-0.5207769453917328,4.725797468310421,-0.09728440234961098,-0.09728440234998054,5.291583707818722,198.6577923099472,4.72779980827804,4.727799723060432,2.6140254339630022,12.28586603892528,1.3422076900527884,0.23638998615302162,4.725797468310421,-0.09728440234961098,-0.09728440234998054,4.727799723060432,1.0157974683104207,-0.09728440234961098,-0.09728440234998054,1.0250721957535354,-3.71,0.0,0.0,3.71,1.2743395479947257,0.2762997832219772
22.18487394957983,10.793088477920362,3.7612228113274355,3.761222811329608,-2.4039211782099503,-0.5303271130016299,-0.5303271130034416,4.778361499511617,-0.09371894988401311,-0.0937189498843068,5.291346004037111,198.6105762134133,4.78019935633244,4.780199274418347,2.518199897668476,12.032636991330426,1.3894237865866899,0.23900996372091735,4.778361499511617,-0.09371894988401311,-0.0937189498843068,4.780199274418347,1.0683614995116173,-0.09371894988401311,-0.0937189498843068,1.0765513349457567,-3.71,0.0,0.0,3.71,1.2884634162852688,0.29017556197998834
22.6890756302521,10.558141584029,3.7077311972765634,3.707731197278554,-2.2950166996173222,-0.5395051680158556,-0.5395051680176929,4.81972807234226,-0.08984215040060699,-0.08984215040082456,5.291105960149434,198.56290668018414,4.821402563036817,4.821402484267548,2.418518824436974,11.788506901678982,1.4370933198158582,0.2410701242133774,4.81972807234226,-0.08984215040060699,-0.08984215040082456,4.821402484267548,1.1097280723422598,-0.08984215040060699,-0.08984215040082456,1.1169778952699634,-3.71,0.0,0.0,3.71,1.299569402767533,0.30107220896764514
23.19327731092437,10.334264423446234,3.653341850578259,3.6533418505800643,-2.1825265120379664,-0.5482817659502935,-0.548281765952149,4.850075679246184,-0.08568980828825556,-0.08568980828839749,5.290864131480734,198.51489428242962,4.851589462469085,4.851589387087938,2.3161709275219287,11.553823372723546,1.4851057175703772,0.2425794693543969,4.850075679246184,-0.08568980828825556,-0.08568980828839749,4.851589387087938,1.1400756792461841,-0.08568980828825556,-0.08568980828839749,1.1464981643673173,-3.71,0.0,0.0,3.71,1.307706034255509,0.3090291548159885
23.69747899159664,10.12176139531573,3.5980961988861875,3.5980961988878066,-2.067534050572156,-0.5566312678911822,-0.556631267893048,4.86977355007134,-0.08130023052961477,-0.08130023052968241,5.2906210595881085,198.46664675540848,4.87113072974271,4.871130657654624,2.2123231651514375,11.328841346607073,1.533353244591524,0.24355653288273119,4.86977355007134,-0.08130023052961477,-0.08130023052968241,4.871130657654624,1.15977355007134,-0.08130023052961477,-0.08130023052968241,1.165458769074834,-3.71,0.0,0.0,3.71,1.3129732230874998,0.31413982993930833
24.201680672268907,9.920830730833892,3.54203804060437,3.542038040605803,-1.9510792390645888,-0.5645318977452187,-0.5645318977470875,4.879322680081316,-0.07671236655120448,-0.0767123665511996,5.290377264203887,198.41826740057883,4.880528666541484,4.880528597469713,2.108104059161834,11.113727968240232,1.5817325994211728,0.24402642987348563,4.879322680081316,-0.07671236655120448,-0.0767123665511996,4.880528597469713,1.169322680081316,-0.07671236655120448,-0.0767123665511996,1.1743445425071484,-3.71,0.0,0.0,3.71,1.3155063605039656,0.3165349171178298
24.705882352941174,9.731569452486173,3.4852131577518155,3.485213157753062,-1.8341463278897578,-0.5719657593059143,-0.5719657593077792,4.879335543416626,-0.07196486466279547,-0.07196486466272006,5.290133237161809,198.3698538850347,4.880396897036844,4.880396831072313,2.0045903351434173,10.908568444965796,1.6301461149652994,0.2440198415536157,4.879335543416626,-0.07196486466279547,-0.07196486466272006,4.880396831072313,1.1693355434166257,-0.07196486466279547,-0.07196486466272006,1.1737561486907377,-3.71,0.0,0.0,3.71,1.3154708439548015,0.3163763204018161
25.210084033613445,9.553979469046872,3.4276689312480735,3.427668931249134,-1.717653340896268,-0.578918770768974,-0.578918770770828,4.870524196454489,-0.06709536459848323,-0.06709536459833987,5.289889437128412,198.32149720295243,4.871448464082778,4.871448401055874,1.9027944938409869,10.71337259220751,1.678502797047571,0.2435724200527937,4.870524196454489,-0.06709536459848323,-0.06709536459833987,4.871448401055874,1.1605241964544888,-0.06709536459848323,-0.06709536459833987,1.1643968337545085,-3.71,0.0,0.0,3.71,1.3130588682091304,0.31385359400391066
25.714285714285715,9.387974624053395,3.36945396665081,3.3694539666516863,-1.60244355897329,-0.5853805211763399,-0.5853805211781763,4.853671442006391,-0.06213964354891005,-0.06213964354870133,5.289646285353092,198.27328084100787,4.854466986520633,4.854466926197885,1.8036535334821098,10.52808185799456,1.7267191589921254,0.24272334630989426,4.853671442006391,-0.06213964354891005,-0.06213964354870133,4.854466926197885,1.143671442006391,-0.06213964354891005,-0.06213964354870133,1.1470427358480253,-3.71,0.0,0.0,3.71,1.3084816512662762,0.309175939581678
26.218487394957982,9.233388419627099,3.3106177384772573,3.310617738477951,-1.4892805295526426,-0.5913440422947637,-0.5913440422965759,4.829589146407867,-0.05713077881963778,-0.05713077881936652,5.28940416318137,198.225280294889,4.83026497526522,4.830264917670429,1.7080199203820094,10.352576555058597,1.7747197051110106,0.24151324588352147,4.829589146407867,-0.05713077881963778,-0.05713077881936652,4.830264917670429,1.1195891464078667,-0.05713077881963778,-0.05713077881936652,1.1225006496796968,-3.71,0.0,0.0,3.71,1.3019581988329998,0.30256082201609075
26.72268907563025,9.089982032990797,3.251210260893944,3.2512102608944584,-1.3788472031734071,-0.5968055093715497,-0.596805509373332,4.79907738117817,-0.05209856271615252,-0.05209856271582171,5.28916341163155,198.17756299568177,4.7996429825148805,4.799642927448882,1.6166549544456679,10.186682957723923,1.8224370043182319,0.23998214637244408,4.79907738117817,-0.05209856271615252,-0.05209856271582171,4.799642927448882,1.0890773811781704,-0.05209856271615252,-0.05209856271582171,1.0915667925821328,-3.71,0.0,0.0,3.71,1.2937042931129061,0.29422285514343205
27.22689075630252,8.957452237449463,3.191281790438905,3.1912817904392425,-1.2717487076532634,-0.6017638997292803,-0.6017638997310266,4.7628925292260185,-0.04706924443852214,-0.04706924443813456,5.288924332789698,198.1301885967736,4.763357720694796,4.763357667916719,1.53022362988376,10.030179934485941,1.8698114032264073,0.23816788339583597,4.7628925292260185,-0.04706924443852214,-0.04706924443813456,4.763357667916719,1.0528925292260185,-0.04706924443852214,-0.04706924443813456,1.0549946472110427,-3.71,0.0,0.0,3.71,1.2839238997080107,0.284365134019149
27.73109243697479,8.835438913977136,3.1308825634642186,3.1308825634643838,-1.168517761793291,-0.6062206397644883,-0.6062206397661931,4.72172638797475,-0.04206555626569429,-0.04206555626525298,5.288687192523666,198.08320952167614,4.722101183012815,4.722101132435108,1.4492897183729,9.882804867800996,1.9167904783238612,0.23610505662175538,4.72172638797475,-0.04206555626569429,-0.04206555626525298,4.722101132435108,1.0117263879747505,-0.04206555626569429,-0.04206555626525298,1.0134738803601613,-3.71,0.0,0.0,3.71,1.272803539739921,0.2731735526577254
28.235294117647058,8.723531942010508,3.0700625682439457,3.070062568243942,-1.0696216775392533,-0.6101792646410247,-0.6101792646426828,4.676195297107314,-0.03710694126508782,-0.037106941264596294,5.288452223990428,198.03667166815558,4.6764897903818206,4.676489741982614,1.3743100098084249,9.744258714193853,1.9633283318444228,0.2338244870991307,4.676195297107314,-0.03710694126508782,-0.037106941264596294,4.676489741982614,0.9661952971073138,-0.03710694126508782,-0.037106941264596294,0.9676193478493261,-3.71,0.0,0.0,3.71,1.260509364415799,0.260813840390654
28.739495798319325,8.621277355919934,3.008871349674339,3.0088713496741724,-0.975470044272189,-0.6136451067511645,-0.6136451067527713,4.626837368235293,-0.03220990093775977,-0.03220990093722152,5.288219631483556,197.99061517864442,4.627061639857596,4.627061593229044,1.3056272214356035,9.614210151930266,2.0093848213555816,0.2313530796614522,4.626837368235293,-0.03220990093775977,-0.03220990093722152,4.627061593229044,0.916837368235293,-0.03220990093775977,-0.03220990093722152,0.9179682539333396,-3.71,0.0,0.0,3.71,1.247186413269284,0.24743079620844732
29.243697478991596,8.528182734513354,2.9473578432574983,2.9473578432571745,-0.8864223838594338,-0.6166250215856808,-0.6166250215872316,4.574115840021132,-0.027388395752610657,-0.027388395752029383,5.287989594265199,197.9450752064131,4.574279875302503,4.574279830353189,1.2434618920980396,9.492298839884505,2.054924793586906,0.22871399151765942,4.574115840021132,-0.027388395752610657,-0.027388395752029383,4.574279830353189,0.8641158400211317,-0.027388395752610657,-0.027388395752029383,0.8649834873679367,-3.71,0.0,0.0,3.71,1.2329595230062502,0.23314918796979428
29.747899159663866,8.44372185282274,2.8855702344890495,2.8855702344885734,-0.8027952499528633,-0.6191271537833467,-0.6191271537848374,4.5184268381115995,-0.022654248200747344,-0.022654248200126775,5.287762270119411,197.90008262542258,4.518540462914103,4.518540419348955,1.187904490458918,9.378137868690773,2.099917374577416,0.22592702096744777,4.5184268381115995,-0.022654248200747344,-0.022654248200126775,4.518540419348955,0.8084268381115995,-0.022654248200747344,-0.022654248200126775,0.8090614207229093,-3.71,0.0,0.0,3.71,1.2179354230051094,0.21807585464229362
30.252100840336134,8.367338670223528,2.8235558397090124,2.82355583970839,-0.7248684020313843,-0.6211607418174404,-0.6211607418188672,4.4601101203193005,-0.01801751248116096,-0.018017512480504833,5.2875377984421865,197.85566464742828,4.460182947084728,4.460182905093315,1.1389098009130008,9.27131552597172,2.1443353525717157,0.22300914525466572,4.4601101203193005,-0.01801751248116096,-0.018017512480504833,4.460182905093315,0.7501101203193006,-0.01801751248116096,-0.018017512480504833,0.7505427730099261,-3.71,0.0,0.0,3.71,1.2022056347960417,0.20230263423448144
30.7563025210084,8.298450759375806,2.7613610047785886,2.7613610047778274,-0.6528898149230459,-0.6227359567910796,-0.6227359567924392,4.399461621848788,-0.01348678699165575,-0.01348678699096787,5.287316302748685,197.81184532284908,4.399503007099377,4.3995029661277725,1.0962961525942456,9.171396524150742,2.1881546771509193,0.21997514830638865,4.399461621848788,-0.01348678699165575,-0.01348678699096787,4.3995029661277725,0.6894616218487881,-0.01348678699165575,-0.01348678699096787,0.6897253908977539,-3.71,0.0,0.0,3.71,1.18584985609913,0.18590980886731912
31.26050420168067,8.23645229891544,2.6990310184943547,2.699031018493461,-0.5870793942842646,-0.6238637688936403,-0.6238637688949297,4.336746790928157,-0.0090694550595824,-0.009069455058866789,5.287097892532984,197.76864591281173,4.336765797779309,4.336765757872543,1.0597519612962,9.077922854370044,2.231354087188265,0.21683828789362714,4.336746790928157,-0.0090694550595824,-0.009069455058866789,4.336765757872543,0.6267467909281574,-0.0090694550595824,-0.009069455058866789,0.6268780184125825,-3.71,0.0,0.0,3.71,1.168939557378044,0.16896981628371496
31.764705882352942,8.180716760917223,2.6366100383483104,2.6366100383472917,-0.527631365680093,-0.6245558340272888,-0.6245558340285056,4.272213781156596,-0.004771847613411881,-0.004771847612672946,5.286882664464308,197.72608512940917,4.272219150123438,4.272219111066709,1.0288512223280897,8.990414434884789,2.273914870590829,0.21361095555333548,4.272213781156596,-0.004771847613411881,-0.004771847612672946,4.272219111066709,0.5622137811565961,-0.004771847613411881,-0.004771847612672946,0.5622542812479787,-3.71,0.0,0.0,3.71,1.1515415393710806,0.15155101920430694
32.26890756302521,8.130599422914964,2.5741410270051066,2.57414102700397,-0.4747153943651106,-0.6248243928368344,-0.6248243928379763,4.206105645144372,-0.0005993285775177049,-0.0005993285767598929,5.286670702948307,197.68417925002592,4.206105768705076,4.206105730542783,1.0030781372437978,8.908369717839571,2.3158207499740797,0.21030528652713912,4.206105645144372,-0.0005993285775177049,-0.0005993285767598929,4.206105730542783,0.4961056451443717,-0.0005993285775177049,-0.0005993285767598929,0.4961063691725798,-3.71,0.0,0.0,3.71,1.1337212211705614,0.13372139330797297
32.773109243697476,8.08543982441679,2.511665698623578,2.511665698622331,-0.4284765755983228,-0.6246821747937834,-0.6246821747948488,4.138670730192703,0.0034436894385265603,0.003443689439298897,5.286462080123323,197.64294211974914,4.138673633018751,4.138673595603755,0.9818593661253011,8.831266405082754,2.3570578802508635,0.20693367978018773,4.138670730192703,0.0034436894385265603,0.003443689439298897,4.138673595603755,0.4286707301927031,0.0034436894385265603,0.003443689439298897,0.42869839388298225,-3.71,0.0,0.0,3.71,1.1155454435589636,0.11555212773126207
33.27731092436974,8.04456427011689,2.449224474831868,2.449224474830518,-0.38903451039972103,-0.6241423010404682,-0.624142301041456,4.0701705737806515,0.007353785627767332,0.007353785628549731,5.286256855399165,197.60238506326843,4.070183897248423,4.070183860220082,0.9646009922135497,8.758562402144861,2.3976149367315713,0.2035091930110041,4.0701705737806515,0.007353785627767332,0.007353785628549731,4.070183860220082,0.36017057378065154,0.007353785627767332,0.007353785628549731,0.36032068847571547,-3.71,0.0,0.0,3.71,1.0970845984420705,0.09712147937350821
33.78151260504202,8.007288457393168,2.386856450714469,2.386856450713024,-0.35648174407469346,-0.6232181813075504,-0.6232181813084594,4.00088475272122,0.01112860903058746,0.011128609031375442,5.286055074676999,197.56251673377412,4.000915743984231,4.000915707239415,0.9507265836633841,8.689697110517114,2.4374832662258825,0.20004578536197073,4.00088475272122,0.01112860903058746,0.011128609031375442,4.000915707239415,0.2908847527212197,0.01112860903058746,0.011128609031375442,0.29131019763065974,-3.71,0.0,0.0,3.71,1.0784139372612978,0.07852026890314279
34.285714285714285,7.972920275678268,2.3245993715363342,2.3245993715348026,-0.33088189022329834,-0.6219234022551926,-0.6219234022560228,3.931112324308003,0.014766972016567285,0.014766972017356605,5.285856769411736,197.52334293080128,3.9311678317222696,3.9311677951025406,0.9397128613699632,8.624093123257005,2.4766570691987226,0.19655838975512702,3.931112324308003,0.014766972016567285,0.014766972017356605,3.9311677951025406,0.22111232430800287,0.014766972016567285,0.014766972017356605,0.22209634595370298,-3.71,0.0,0.0,3.71,1.0596139609440811,0.059864244192372774
34.78991596638655,7.940762791843169,2.2624896210794483,2.262489621077837,-0.3122677864786795,-0.6202716068825731,-0.6202716068833246,3.8611697505856926,0.01826893543582729,0.01826893543661385,5.2856619556899815,197.48486642122924,3.8612562246195807,3.861256188190823,0.9311202409370152,8.561158349621742,2.515133578770758,0.19306280940954115,3.8611697505856926,0.01826893543582729,0.01826893543661385,3.861256188190823,0.1511697505856926,0.01826893543582729,0.01826893543661385,0.15336166892703698,-3.71,0.0,0.0,3.71,1.040769862046044,0.041337377069282207
35.294117647058826,7.910117401212013,2.2005622223856998,2.200562222384018,-0.30064002614445184,-0.61827636699244,-0.6182763669931133,3.7913854561001803,0.021635862366842243,0.02163586236762213,5.285470633495609,197.44708679738568,3.7915089573032854,3.791508920971797,0.9246165460793517,8.500288553345225,2.55291320261432,0.18957544604858984,3.7913854561001803,0.021635862366842243,0.02163586236762213,3.791508920971797,0.08138545610018033,0.021635862366842243,0.02163586236762213,0.08694718825460665,-3.71,0.0,0.0,3.71,1.0219700595611312,0.02343589979908535
35.79831932773109,7.880287090804247,2.138850851393041,2.138850851391296,-0.2959661820108563,-0.6159510528607786,-0.6159510528613742,3.7220914265730505,0.024870420266402165,0.024870420267171813,5.285282786321124,197.41000040341677,3.722257639508152,3.72225760303839,0.9199931412436836,8.440870249121122,2.589999596583226,0.18611288015191949,3.7220914265730505,0.024870420266402165,0.024870420267171813,3.72225760303839,0.012091426573050512,0.024870420266402165,0.024870420267171813,0.03719244822628231,-3.71,0.0,0.0,3.71,1.003303936128946,0.010024918659375286
36.30252100840336,7.8505797324029265,2.077387863448423,2.077387863446621,-0.2981809860155388,-0.6133087060316318,-0.6133087060321512,3.6536124933346197,0.02797651631655144,0.02797651631730775,5.285098381256661,197.37360035584646,3.653826745918345,3.653826709407724,0.9171733959346101,8.382283865702338,2.626399644153537,0.1826913354703862,3.6536124933346197,0.02797651631655144,0.02797651631730775,3.653826709407724,-0.05638750666538028,0.02797651631655144,0.02797651631730775,0.06888339305232548,-3.71,0.0,0.0,3.71,0.9848589513228367,0.018566952305209022
36.80672268907563,7.820311300360106,2.016204332029367,2.0162043320275176,-0.3071876548408768,-0.6103619223495212,-0.6103619223499658,3.5862541301599404,0.030959157325681348,0.03095915732642176,5.284917369651677,197.33787667696234,3.5865214189524197,3.5865213821938817,0.9162137347778554,8.323907054473908,2.6621233230376617,0.1793260691096941,3.5862541301599404,0.030959157325681348,0.03095915732642176,3.5865213821938817,-0.12374586984005953,0.030959157325681348,0.03095915732642176,0.1312630151533606,-3.71,0.0,0.0,3.71,0.9667173536910733,0.0353808666181565
37.310924369747895,7.788808894511579,1.9553300982708985,1.9553300982690085,-0.3228604621296708,-0.6071227528198976,-0.607122752820269,3.5202897240655,0.03382423326681885,0.033824233267541304,5.2847396883997515,197.30281655083778,3.520614741865502,3.520614704689137,0.9172976354435111,8.265118001675685,2.6971834491622246,0.17603073523445684,3.5202897240655,0.03382423326681885,0.033824233267541304,3.520614704689137,-0.18971027593449996,0.03382423326681885,0.033824233267541304,0.19564801636451454,-3.71,0.0,0.0,3.71,0.9489527505900639,0.052735314383966184
37.81512605042017,7.755413443472541,1.8947938291512596,1.8947938291493358,-0.34504855865109474,-0.6036026295729234,-0.6036026295732236,3.45594834550734,0.03657823167269568,0.03657823167339837,5.284565261847292,197.2684047020136,3.4563355105507347,3.45633547284976,0.9207229641332163,8.205298592322324,2.731595297986388,0.172816773642488,3.45594834550734,0.03657823167269568,0.03657823167339837,3.45633547284976,-0.2540516544926601,0.03657823167269568,0.03657823167339837,0.25926468563055816,-3.71,0.0,0.0,3.71,0.9316268120888841,0.06988266459044694
38.319327731092436,7.7194819685993545,1.834623081518574,1.8346230815166236,-0.37358093881259125,-0.5998123230808327,-0.5998123230810636,3.393404051264049,0.039227898169155576,0.039227898169836996,5.284394004275391,197.23462388670438,3.3938575353333644,3.3938574971741007,0.926883144567655,8.143837275265563,2.7653761132956163,0.16969287485870505,3.393404051264049,0.039227898169155576,0.039227898169836996,3.3938574971741007,-0.3165959487359511,0.039227898169155576,0.039227898169836996,0.3214197423084178,-3.71,0.0,0.0,3.71,0.9147863873784638,0.08663604913973526
38.8235294117647,7.6803893041029285,1.7748443686206152,1.774844368618645,-0.40827235111595067,-0.5957619348783834,-0.5957619348785472,3.3327677026700826,0.04177986587987125,0.04177986588053045,5.284225822853764,197.20145547649835,3.3332914563157225,3.3332914175551402,0.9362429592717969,8.080131492013004,2.798544523501647,0.16666457087775702,3.3327677026700826,0.04177986587987125,0.04177986588053045,3.3332914175551402,-0.37723229732991737,0.04177986587987125,0.04177986588053045,0.3818315342330205,-3.71,0.0,0.0,3.71,0.8984612985323829,0.10291955100620499
39.32773109243698,7.63752919369742,1.7154832255042893,1.715483225502306,-0.44892985699422205,-0.5914609274481785,-0.5914609274482776,3.2740821797658093,0.044240282724267936,0.044240282724904136,5.284060620919119,197.16888010537008,3.2746799513012625,3.2746799118526284,0.9493103148584706,8.013589556406464,2.8311198946299214,0.16373399559263144,3.2740821797658093,0.044240282724267936,0.044240282724904136,3.2746799118526284,-0.4359178202341907,0.044240282724267936,0.044240282724904136,0.44038477633636564,-3.71,0.0,0.0,3.71,0.882663049016881,0.11870209604753791
39.831932773109244,7.590314717730572,1.6565642696417815,1.6565642696397915,-0.4953596623427293,-0.5869181898020202,-0.5869181898020569,3.217321713265364,0.046614470198945455,0.04661447019955806,5.283898301390197,197.13687834295905,3.21799706083765,3.217997020556839,0.966605978730375,7.943631906949009,2.8631216570409492,0.16089985102784196,3.217321713265364,0.046614470198945455,0.04661447019955806,3.217997020556839,-0.49267828673463576,0.046614470198945455,0.04661447019955806,0.4970691218368828,-3.71,0.0,0.0,3.71,0.8673846416595253,0.13398089537382285
40.33613445378151,7.538178045427578,1.5981112534618256,1.598111253459835,-0.5473737837171421,-0.5821421337971402,-0.5821421337971168,3.162395859247698,0.04890664989870726,0.048906649899295856,5.283738770100546,197.10543135097544,3.1631521541622876,3.1631521132243505,0.9886338993705245,7.869691696721202,2.8945686490245635,0.15815760566121753,3.162395859247698,0.04890664989870726,0.048906649899295856,3.1631521132243505,-0.547604140752302,0.04890664989870726,0.048906649899295856,0.5519547225794467,-3.71,0.0,0.0,3.71,0.8526016477693668,0.14877485783812577
40.84033613445378,7.480569552659255,1.5401471061414793,1.5401471061394938,-0.6047960716493093,-0.577140812609827,-0.5771408126097459,3.1091583821102797,0.05111977384761367,0.05111977384817797,5.283581938810228,197.07452147572914,3.109998805060154,3.10999876328,1.0158549716579655,7.7912147351538525,2.925478524270858,0.155499938164,3.1091583821102797,0.05111977384761367,0.05111977384817797,3.10999876328,-0.6008416178897202,0.05111977384761367,0.05111977384817797,0.6051752740693035,-3.71,0.0,0.0,3.71,0.8382745992668464,0.16312001996477182
41.344537815126046,7.416956393972783,1.4826939630440537,1.4826939630420792,-0.6674671020801352,-0.5719220493387289,-0.5719220493385927,3.057421009274517,0.053255491574407475,0.05325549157494719,5.283427727651963,197.04413272871014,3.0583485386511327,3.0583484959564244,1.0486667694738498,7.707658848585766,2.9558672712898613,0.15291742479782122,3.057421009274517,0.053255491574407475,0.05325549157494719,3.0583484959564244,-0.6525789907254831,0.053255491574407475,0.05325549157494719,0.656910674218353,-3.71,0.0,0.0,3.71,0.8243526943278772,0.17706487175696847
41.84873949579832,7.346820665440799,1.4257731825390967,1.4257731825371385,-0.7352474685595607,-0.5664935607604554,-0.5664935607602665,3.006971661138291,0.05531427999112789,0.055314279991642734,5.283276066777933,197.01425110931157,3.0079890579133,3.0079890142802554,1.0873907985582496,7.618492779168181,2.985748890688427,0.15039945071401276,3.006971661138291,0.05531427999112789,0.055314279991642734,3.0079890142802554,-0.7030283388617091,0.05531427999112789,0.055314279991642734,0.7073670789516465,-3.71,0.0,0.0,3.71,0.8107787100485864,0.1906649808495004
42.35294117647059,7.269657338765499,1.3694053515437223,1.3694053515417857,-0.808019064946428,-0.5608630591470696,-0.5608630591468304,2.9575964111256825,0.05729575227665746,0.05729575227714734,5.283126897001888,196.98486472943023,2.958706203976234,2.958706159381406,1.1322674381736189,7.523194790561716,3.015135270569772,0.1479353079690703,2.9575964111256825,0.05729575227665746,0.05729575227714734,2.958706159381406,-0.7524035888743175,0.05729575227665746,0.05729575227714734,0.7567540994331681,-3.71,0.0,0.0,3.71,0.7974949216661472,0.2039768462084011
42.857142857142854,7.184972183729425,1.3136102828870049,1.3136102828850944,-0.8856840357750595,-0.5550383139873214,-0.5550383139870344,2.909104172303005,0.05919915091838173,0.0591991509188465,5.282980169274911,196.95596370832195,2.9103086486268577,2.9103086029233602,1.1834573381471152,7.421251190437736,3.0440362916780543,0.14551543014616802,2.909104172303005,0.05919915091838173,0.0591991509188465,2.9103086029233602,-0.8008958276969951,0.05919915091838173,0.0591991509188465,0.8052597132363102,-3.71,0.0,0.0,3.71,0.7844497582003667,0.2170511356432103
43.36134453781513,7.09227992334988,1.2584070094211686,1.258407009419289,-0.9681611718158455,-0.5490271553294485,-0.5490271553291163,2.8613531068825906,0.06102402223915355,0.06102402223959306,5.282835842883325,196.92753981598693,2.8626543159377023,2.862654269178728,1.2410470132874738,7.312155011613724,3.0724601840130674,0.1431327134589364,2.8613531068825906,0.06102402223915355,0.06102402223959306,2.862654269178728,-0.8486468931174094,0.06102402223915355,0.06102402223959306,0.8530236877006258,-3.71,0.0,0.0,3.71,0.7716049243069347,0.2299255222912738
43.865546218487395,6.991102884327599,1.2038137816210372,1.2038137816191932,-1.0553796086297584,-0.5428374006732181,-0.5428374006728431,2.8142781568404716,0.06277107088553618,0.06277107088595033,5.282693882297225,196.89958585124288,2.815677934116277,2.815677886184726,1.305055939586655,7.195405115828485,3.1004141487571246,0.14078389430923632,2.8142781568404716,0.06277107088553618,0.06277107088595033,2.815677886184726,-0.8957218431595284,0.06277107088553618,0.06277107088595033,0.900110012716995,-3.71,0.0,0.0,3.71,0.7589428264648858,0.2426172541016159
44.36974789915966,6.880970418594029,1.149848077247462,1.1498480772456574,-1.1472697060416246,-0.5364766867983274,-0.5364766867979125,2.7679198949235158,0.06444320661236173,0.06444320661275062,5.282554252608197,196.87209474263287,2.769419915819476,2.769419866771816,1.3754425649065147,7.070506000496804,3.127905257367132,0.1384709933385908,2.7679198949235158,0.06444320661236173,0.06444320661275062,2.769419866771816,-0.9420801050764842,0.06444320661236173,0.06444320661275062,0.9464780917369069,-3.71,0.0,0.0,3.71,0.7464743576204357,0.2551153886083307
44.87394957983193,6.761419386910312,1.0965266336248445,1.096526633623083,-1.2437509276327354,-0.5299521856540672,-0.5299521856536148,2.7224556732555887,0.06604681627292984,0.06604681627329351,5.282416913465222,196.845058354485,2.7240575490435366,2.72405749879131,1.4521070925196449,6.936968606111752,3.1549416455150094,0.1362028749395655,2.7224556732555887,0.06604681627292984,0.06604681627329351,2.72405749879131,-0.9875443267444113,0.06604681627292984,0.06604681627329351,0.9919516929592392,-3.71,0.0,0.0,3.71,0.7342473042564178,0.2673724239782316
45.3781512605042,6.631996017782495,1.0438655153369887,1.0438655153352745,-1.3447164549236241,-0.5232701801030882,-0.5232701801026006,2.6782337809279486,0.06759329474674547,0.06759329474708416,5.282281811375475,196.81846597212848,2.679939209835796,2.6799391583192893,1.5348894770999266,6.794312445575255,3.181534027871521,0.13399695791596447,2.6782337809279486,0.06759329474674547,0.06759329474708416,2.6799391583192893,-1.0317662190720513,0.06759329474674547,0.06759329474708416,1.0361849438240853,-3.71,0.0,0.0,3.71,0.7223555682801319,0.27929513310622245
45.88235294117647,6.492259477841292,0.9918802325601683,0.9918802325585044,-1.4500143439004392,-0.5164354754333607,-0.5164354754328403,2.6358084395370684,0.06910079864790265,0.06910079864821661,5.282148870273112,196.7923024474392,2.6376194283613486,2.6376193756268993,1.623561762942404,6.6420694003528755,3.207697552560802,0.13188096878134498,2.6358084395370684,0.06910079864790265,0.06910079864821661,2.6376193756268993,-1.0741915604629315,0.06910079864790265,0.06910079864821661,1.0786275303909998,-3.71,0.0,0.0,3.71,0.7109486187673583,0.2907351833938005
46.38655462184874,6.341787481415723,0.94058592698063,0.9405859269790197,-1.5594255846109137,-0.509450636157444,-0.5094506361568936,2.5959667462547533,0.07059598687053432,0.07059598687082405,5.282017980535801,196.7665460403285,2.59788591270515,2.597885858613689,1.7178149071716016,6.479789520617639,3.2334539596714933,0.12989429293068444,2.5959667462547533,0.07059598687053432,0.07059598687082405,2.597885858613689,-1.1140332537452466,0.07059598687053432,0.07059598687082405,1.1184979558205332,-3.71,0.0,0.0,3.71,0.7002387759066546,0.30148192879259655
46.890756302521005,6.180184163096855,0.8899976412789176,0.8899976412773638,-1.6726407817664373,-0.5023150778768476,-0.5023150778762693,2.5597293106360923,0.0721151787414998,0.07211517874176575,5.28188898730788,196.74116612536176,2.5617602592376363,2.5617602037933604,1.8172418825661334,6.30704906376623,3.258833874638242,0.12808801018966803,2.5597293106360923,0.0721151787414998,0.07211517874176575,2.5617602037933604,-1.1502706893639076,0.0721151787414998,0.07211517874176575,1.1547830345218943,-3.71,0.0,0.0,3.71,0.6905014026397198,0.31126227345603624
47.39495798319328,6.007090160386181,0.8401306815842903,0.8401306815827956,-1.789239272447043,-0.495024116015741,-0.49502411601513724,2.528300875753104,0.07370405848074227,0.07370405848098503,5.28176168003927,196.71612113911732,2.5304486128933124,2.530448556048317,1.9213211405021695,6.123460730606879,3.2838788608826803,0.12652242780241585,2.528300875753104,0.07370405848074227,0.07370405848098503,2.530448556048317,-1.181699124246896,0.07370405848074227,0.07370405848098503,1.1862872319632298,-3.71,0.0,0.0,3.71,0.6820616054038591,0.3197539708795768
47.89915966386555,5.822194380427924,0.7910010681167223,0.7910010681152891,-1.9086763267180613,-0.4875681533356575,-0.4875681533350306,2.502958038827844,0.07541519512104325,0.07541519512126338,5.281635786065651,196.69135732379257,2.505229358747199,2.5052293003721737,2.0294064966062435,5.928685586452349,3.308642676207427,0.1252614650186087,2.502958038827844,0.07541519512104325,0.07541519512126338,2.5052293003721737,-1.207041961172156,0.07541519512104325,0.07541519512126338,1.2117446923096662,-3.71,0.0,0.0,3.71,0.6752639623644673,0.32661582002955963
48.403361344537814,5.625246385760198,0.7426260499334452,0.7426260499320757,-2.0302835666365007,-0.47993221032992583,-0.47993221032927785,2.4848971628046823,0.07730366499371065,0.07730366499390866,5.281510970801243,196.6668087720702,2.487300930949052,2.4873008710161524,2.140729131389103,5.722445613597882,3.3331912279298024,0.12436504355080762,2.4848971628046823,0.07730366499371065,0.07730366499390866,2.4873008710161524,-1.2251028371953177,0.07730366499371065,0.07730366499390866,1.2299710057342683,-3.71,0.0,0.0,3.71,0.6704315016216045,0.3315285729741963
48.90756302521008,5.416068050216103,0.6950246448413294,0.6950246448400256,-2.1532831442453824,-0.4720958915124329,-0.4720958915117665,2.4751112850189974,0.07942271135626824,0.07942271135644459,5.281386844816896,196.64239882582865,2.477658594922201,2.4776585332500485,2.254412863886402,5.504535551565044,3.35760117417135,0.12388292666250242,2.4751112850189974,0.07942271135626824,0.07942271135644459,2.4776585332500485,-1.2348887149810026,0.07942271135626824,0.07942271135644459,1.2399863194994623,-3.71,0.0,0.0,3.71,0.6678324887466438,0.3342281184634669
49.41176470588235,5.194563455137012,0.648218168216032,0.6482181682147957,-2.276808757336425,-0.4640336409935564,-0.4640336409928734,2.4743764531614674,0.08182229902138818,0.08182229902154303,5.2812629743417405,196.61804214701823,2.477080726171803,2.477080662633787,2.3694962665998602,5.274832990403968,3.3819578529817704,0.12385403313168934,2.4743764531614674,0.08182229902138818,0.08182229902154303,2.477080662633787,-1.2356235468385326,0.08182229902138818,0.08182229902154303,1.241029945946572,-3.71,0.0,0.0,3.71,0.6676767284727189,0.334509419392607
49.91596638655462,4.960726971638071,0.6022307409535232,0.6022307409523561,-2.3999209126423953,-0.455714904256659,-0.45571490425596145,2.4833804407204396,0.08455243571669319,0.08455243571682663,5.281138888887472,196.59364622156215,2.486257623058727,2.486257557479538,2.484949201666099,5.033306648500057,3.406353778437847,0.12431287787397689,2.4833804407204396,0.08455243571669319,0.08455243571682663,2.486257557479538,-1.2266195592795603,0.08455243571669319,0.08455243571682663,1.2324340842326849,-3.71,0.0,0.0,3.71,0.6701502850349158,0.3321924755344164
50.42016806722689,4.7146507105934825,0.557089808513785,0.5570898085126881,-2.5216043082493815,-0.4471037445381474,-0.4471037445374376,2.5029516471411437,0.08767075865367274,0.08767075865378439,5.281014079923048,196.56911110329793,2.5060206726525345,2.506020604818006,2.599671480041521,4.780023999144592,3.430888896702072,0.12530103024090028,2.5029516471411437,0.08767075865367274,0.08767075865378439,2.506020604818006,-1.2070483528588563,0.08767075865367274,0.08767075865378439,1.2133993777751488,-3.71,0.0,0.0,3.71,0.6754772519725083,0.3270618268935711
50.924369747899156,4.456533408072789,0.512826740674235,0.5128267406732094,-2.6407417421644728,-0.438157612252896,-0.4381576122521762,2.534299674558344,0.09125188705149397,0.09125188705158345,5.280887987796274,196.54432684860345,2.5375833013316855,2.537583230999027,2.7124677205746694,4.515160301602695,3.455673151396553,0.12687916154995135,2.534299674558344,0.09125188705149397,0.09125188705158345,2.537583230999027,-1.1757003254416558,0.09125188705149397,0.09125188705158345,1.1827616281502156,-3.71,0.0,0.0,3.71,0.6839846983824871,0.31880367335585325
51.42857142857143,4.186692998264472,0.4694776000344097,0.4694776000334566,-2.7560664540018727,-0.4288252005436476,-0.42882520054292,2.5792060886949684,0.0953963471336178,0.09539634713368435,5.280759977852114,196.51916883057115,2.5827321487175574,2.5827320755459877,2.822000071601068,4.239011287503726,3.4808311694288534,0.12913660377729938,2.5792060886949684,0.0953963471336178,0.09539634713368435,2.5827320755459877,-1.1307939113050316,0.0953963471336178,0.09539634713368435,1.1388133279591612,-3.71,0.0,0.0,3.71,0.6961541982603741,0.3069577703393966
51.9327731092437,3.905584866423344,0.42708417089392653,0.4270841708930465,-2.8660961828206757,-0.41904338226605764,-0.41904338226532456,2.6401993349302786,0.10024001841832855,0.10024001841837113,5.28062930738648,196.4934912569609,2.644002468671587,2.64400239234977,2.9267220642931897,3.9520115038914807,3.5065087430390918,0.13220011961748848,2.6401993349302786,0.10024001841832855,0.10024001841837113,2.64400239234977,-1.0698006650697214,0.10024001841832855,0.10024001841837113,1.0791522531916617,-3.71,0.0,0.0,3.71,0.7126691084500728,0.29087661811096005
52.436974789915965,3.613827903570292,0.3856953572068408,0.38569535720603415,-2.969043074240361,-0.4087328914756986,-0.40873289147496256,2.720862836677324,0.10596979738900313,0.1059697973890204,5.280495080492764,196.46711831601257,2.7249870105384875,2.724986930597854,3.024787914853242,3.6547604482051153,3.5328816839874264,0.1362493465298927,2.720862836677324,0.10596979738900313,0.1059697973890204,2.724986930597854,-0.9891371633226758,0.10596979738900313,0.1059697973890204,1.000425671293658,-3.71,0.0,0.0,3.71,0.7344978249589903,0.2696565151734927
52.94117647058823,3.312242091899463,0.345369134407882,0.3453691344071489,-3.062673159176223,-0.39779156450351977,-0.3977915645027833,2.8265354646067467,0.1128567420547296,0.11285674205471966,5.280356177634922,196.4398303670375,2.8310380601402847,2.831037975925807,3.113911228265539,3.348060237414095,3.5601696329624986,0.14155189879629035,2.8265354646067467,0.1128567420547296,0.11285674205471966,2.831037975925807,-0.8834645353932533,0.1128567420547296,0.11285674205471966,0.8977654892854984,-3.71,0.0,0.0,3.71,0.7630830123789237,0.24198530708503999
53.4453781512605,3.0019055994571837,0.30617543313238027,0.30617543313172074,-3.144056689669349,-0.3860824610065548,-0.3860824610058209,2.9657939255320356,0.12132532788472838,0.1213253278846887,5.280211130527885,196.4113394042517,2.970753071140967,2.9707529818373297,3.1911145076991168,3.0329728023441938,3.5886605957483084,0.14853764909186648,2.9657939255320356,0.12132532788472838,0.1213253278846887,2.9707529818373297,-0.7442060744679644,0.12132532788472838,0.1213253278846887,0.7637292397490628,-3.71,0.0,0.0,3.71,0.8007420436219218,0.20585693793775278
53.94957983193277,2.6842474667624066,0.268200713546984,0.2682007135463976,-3.2091059642261865,-0.37341193070141104,-0.37341193070068274,3.15322058333253,0.13208527821831145,0.13208527821823823,5.280057890523238,196.38124363568534,3.1587487543700896,3.1587486586615183,3.2522659838352475,2.7109127076160724,3.618756364314663,0.1579374329330759,3.15322058333253,0.13208527821831145,0.13208527821823823,3.1587486586615183,-0.55677941666747,0.13208527821831145,0.13208527821823823,0.5872787755985791,-3.71,0.0,0.0,3.71,0.8514147327928621,0.15829616592953616
54.45378151260504,2.3612036283962765,0.23155557345661762,0.23155557345610359,-3.251770803096408,-0.35949087110595795,-0.359490871105239,3.413482639264351,0.1463359136909167,0.14633591369080448,5.279893425406759,196.348948427367,3.419750405911977,3.4197503019709785,3.2912734205299294,2.3838033773675944,3.6510515726330084,0.17098751509854893,3.413482639264351,0.1463359136909167,0.14633591369080448,3.4197503019709785,-0.29651736073564905,0.1463359136909167,0.14633591369080448,0.3615950006417581,-3.71,0.0,0.0,3.71,0.9217655800460859,0.09746495974171378
54.95798319327731,2.035468708991917,0.1963870899626361,0.19638708996219328,-3.2629275849907757,-0.3438787987737131,-0.3438787987730077,3.7833817228495947,0.16590553295415333,0.16590553295399313,5.279713162507962,196.31355718670736,3.7906500003247303,3.7906498852468444,3.298969790917364,2.0543292441799665,3.6864428132926435,0.1895324942623422,3.7833817228495947,0.16590553295415333,0.16590553295399313,3.7906498852468444,0.07338172284959477,0.16590553295415333,0.16590553295399313,0.24583362051990548,-3.71,0.0,0.0,3.71,1.0217385135436239,0.06626243140698261
55.46218487394958,1.7108317695548814,0.1628958046643194,0.1628958046639462,-3.2298112037499336,-0.3259469071926612,-0.3259469071919749,4.2989459019685645,0.19273229866705993,0.19273229866683814,5.279510703565714,196.27381577470834,4.307578028074333,4.307577897839017,3.2625393766949493,1.726272119357964,3.726184225291661,0.21537889489195083,4.2989459019685645,0.19273229866705993,0.19273229866683814,4.307577897839017,0.5889459019685646,0.19273229866705993,0.19273229866683814,0.6489597470910335,-3.71,0.0,0.0,3.71,1.1610722096601123,0.1749217647145643
55.96638655462185,1.3924280422875768,0.13135012298566304,0.13135012298535717,-3.1382633415961583,-0.30496672638050715,-0.3049667263798471,4.952011341108252,0.22687131757620124,0.2268713175758979,5.279278950545662,196.2283339956188,4.962394482272833,4.962394332571942,3.16776044069061,1.4047638814282744,3.7716660043811885,0.2481197166285971,4.952011341108252,0.22687131757620124,0.2268713175758979,4.962394332571942,1.2420113411082516,0.22687131757620124,0.2268713175758979,1.2827834427209073,-3.71,0.0,0.0,3.71,1.3375725963805773,0.34576373119161924
56.470588235294116,1.0865825764468167,0.10208282667952387,0.10208282667928223,-2.9786459752190453,-0.28037919974231706,-0.28037919974169245,5.660335986435319,0.26487921518778385,0.2648792151873786,5.2790130684882675,196.17616733785337,5.672717816890043,5.6727176447106435,3.004922101649983,1.096131152026762,3.8238326621466285,0.28363588223553216,5.660335986435319,0.26487921518778385,0.2648792151873786,5.6727176447106435,1.9503359864353191,0.26487921518778385,0.2648792151873786,1.9859840022672406,-3.71,0.0,0.0,3.71,1.5290344055823837,0.5353056609884745
56.97478991596638,0.8002517939538323,0.07546834349567293,0.0754683434954914,-2.7479696746406366,-0.25191046393474276,-0.2519104639341647,6.373190025134152,0.30449550096389094,0.30449550096336514,5.278711552683668,196.11702603938141,6.387721708449183,6.387721512142153,2.770966455304703,0.807337522642334,3.8829739606185854,0.31938607560710763,6.373190025134152,0.30449550096389094,0.30449550096336514,6.387721512142153,2.663190025134152,0.30449550096389094,0.30449550096336514,2.697779852061362,-3.71,0.0,0.0,3.71,1.7217578199844077,0.7271643806095316
57.47899159663865,0.5421366620323674,0.05197954221838553,0.051979542218258686,-2.414332963788658,-0.2178655616110463,-0.21786556161053072,7.719544191906728,0.37640254551023,0.3764025455095066,5.278358407105251,196.04778040639746,7.737875934371219,7.737875695779398,2.4339134055895446,0.5470977115086939,3.9522195936025355,0.3868937847889699,7.719544191906728,0.37640254551023,0.3764025455095066,7.737875695779398,4.009544191906728,0.37640254551023,0.3764025455095066,4.044725253881355,-3.71,0.0,0.0,3.71,2.0856807805335307,1.090222440399287
57.983193277310924,0.32409206431739346,0.03226014494356263,0.03226014494348315,-1.9465589905108185,-0.1765223838854525,-0.17652238388502095,9.055935273651361,0.45046100900184255,0.45046100900088526,5.277937995630814,195.96537699286074,9.078314769922386,9.078314486832014,1.9625015178499994,0.32728748839065586,4.03462300713926,0.45391572434160066,9.055935273651361,0.45046100900184255,0.45046100900088526,9.078314486832014,5.345935273651361,0.45046100900184255,0.45046100900088526,5.383758370444471,-3.71,0.0,0.0,3.71,2.4469850368819444,1.4511478087451404
58.48739495798319,0.15792519277579184,0.016971697247415714,0.016971697247374115,-1.3767784403212129,-0.1292465700375267,-0.12924657003720066,9.759675730142067,0.49505526795687327,0.49505526795572047,5.2774664113590894,195.87298459038254,9.784755281256745,9.784754968530722,1.3888586052821064,0.15973867261306973,4.1270154096174565,0.4892377484265361,9.759675730142067,0.49505526795687327,0.49505526795572047,9.784754968530722,6.049675730142067,0.49505526795687327,0.49505526795572047,6.090052206388096,-3.71,0.0,0.0,3.71,2.637400261059494,1.6415235057649855
58.99159663865546,0.05106726989710621,0.006575853976151782,0.006575853976136643,-0.7603800172525002,-0.07867029538779277,-0.07867029538758959,9.98829273123349,0.5164702250380102,0.5164702250367057,5.2769714105127585,195.776051290249,10.014962862184147,10.014962539695894,0.7684762855089841,0.05190712634865306,4.223948709750999,0.5007481269847948,9.98829273123349,0.5164702250380102,0.5164702250367057,10.014962539695894,6.278292731233489,0.5164702250380102,0.5164702250367057,6.320636250074793,-3.71,0.0,0.0,3.71,2.6994508193250386,1.703675539103718
59.49579831932773,0.006524134517212576,0.0013211696033671293,0.0013211696033655987,-0.13048269034537974,-0.026423392067940674,-0.026423392067871698,10.029653806910225,0.5284678413592402,0.5284678413578607,5.276469591919351,195.6778318737936,10.057460828611402,10.057460514720855,0.13572812448610946,0.006786406224239972,4.322168126206407,0.5028730257360428,10.029653806910225,0.5284678413592402,0.5284678413578607,10.057460514720855,6.3196538069102255,0.5284678413592402,0.5284678413578607,6.363692383977657,-3.71,0.0,0.0,3.71,2.7109057991161336,1.7152809660317134
60.0,-4.899965840873151e-14,-2.766613534376238e-14,-2.5747820526866225e-14,6.583602655283498e-14,1.0698886121760147e-14,1.0698886073543534e-14,-3.2575965643918614e-15,-5.306858808741445e-16,-5.306858784974752e-16,5.276218151268644,195.62863669751096,2.3903180498300207e-17,3.3429314055381785e-15,6.755231098731299e-14,6.188159525186357e-14,4.371363302489044,1.6714657027690893e-16,-3.2575965643918614e-15,-5.306858808741445e-16,-5.306858784974752e-16,3.3429314055381785e-15,-3.710000000000003,-5.306858808741445e-16,-5.306858784974752e-16,3.710000000000003,-3.71,0.0,0.0,3.71,9.010596780426357e-16,1.0000000000000009
