time,pos_x,pos_y,pos_z,vel_x,vel_y,vel_z,thrust_x,thrust_y,thrust_z,position_magnitude,velocity_magnitude,thrust_magnitude,acceleration_x,acceleration_y,acceleration_z,acceleration_magnitude,log_mass,mass,thrust_to_weight
0.0,0.0,0.0,10.000000000000005,0.0,0.0,7.069212824929604e-16,0.0,0.0,7.994681060202813,10.000000000000005,7.069212824929604e-16,7.994681060202813,0.0,0.0,-1.811968939797186,1.811968939797186,5.298317366547675,199.99999999992764,0.0040761529473396655
0.10033444816053512,0.0,0.0,9.991402927673882,0.0,0.0,-0.1719414465225932,0.0,0.0,8.1797900093453,9.991402927673882,0.1719414465225932,8.1797900093453,0.0,0.0,-1.6268599906546992,1.6268599906546992,5.297912998325769,199.9191427047086,0.00417221901736768
0.20066889632107024,0.0,0.0,9.965832257982697,0.0,0.0,-0.3394719473012278,0.0,0.0,8.082899975082011,9.965832257982697,0.3394719473012278,8.082899975082011,0.0,0.0,-1.7237500249179885,1.7237500249179885,5.297506424578503,199.83787735100816,0.004124475430647602
0.3010033444816054,0.0,0.0,9.923239262215754,0.0,0.0,-0.5123879680377742,0.0,0.0,8.072079610187078,9.923239262215754,0.5123879680377742,8.072079610187078,0.0,0.0,-1.7345703898129212,1.7345703898129212,5.297102543631375,199.75718293639676,0.004120618007301978
0.4013377926421405,0.0,0.0,9.86335813712883,0.0,0.0,-0.6852345337008101,0.0,0.0,8.08428907655223,9.86335813712883,0.6852345337008101,8.08428907655223,0.0,0.0,-1.72236092344777,1.72236092344777,5.296698627953069,199.67651417114078,0.004128517906064353
0.5016722408026756,0.0,0.0,9.786375711896026,0.0,0.0,-0.8544139709553994,0.0,0.0,8.145422178356025,9.786375711896026,0.8544139709553994,8.145422178356025,0.0,0.0,-1.6612278216439744,1.6612278216439744,5.296292878678328,199.59551200472936,0.004161425762229976
0.6020066889632107,0.0,0.0,9.693020654014683,0.0,0.0,-1.0126871866715765,0.0,0.0,8.302413507320482,9.693020654014683,1.0126871866715765,8.302413507320482,0.0,0.0,-1.5042364926795173,1.5042364926795173,5.295881676203184,199.5134547084033,0.004243375802717259
0.7023411371237458,0.0,0.0,9.584960460195314,0.0,0.0,-1.1485166897159078,0.0,0.0,8.594296431792952,9.584960460195314,1.1485166897159078,8.594296431792952,0.0,0.0,-1.2123535682070479,1.2123535682070479,5.295459251690807,199.42919313291597,0.004394413512367145
0.802675585284281,0.0,0.0,9.464722544580816,0.0,0.0,-1.2562416225741457,0.0,0.0,8.864504911042358,9.464722544580816,1.2562416225741457,8.864504911042358,0.0,0.0,-0.9421450889576413,0.9421450889576413,5.295022774667787,199.3421658664768,0.004534554612929732
0.9030100334448161,0.0,0.0,9.334671047124196,0.0,0.0,-1.3447883265583467,0.0,0.0,8.977861009273703,9.334671047124196,1.3447883265583467,8.977861009273703,0.0,0.0,-0.8287889907262969,0.8287889907262969,5.294576708375549,199.25326587478085,0.004594589899857445
1.0033444816053512,0.0,0.0,9.196412617689488,0.0,0.0,-1.4203802621359418,0.0,0.0,9.123600279174482,9.196412617689488,1.4203802621359418,9.123600279174482,0.0,0.0,-0.6830497208255171,0.6830497208255171,5.294124164593702,199.16311544834264,0.004671288207387596
1.1036789297658862,0.0,0.0,9.051444604710515,0.0,0.0,-1.4789799974435889,0.0,0.0,9.317705014672669,9.051444604710515,1.4789799974435889,9.317705014672669,0.0,0.0,-0.4889449853273309,0.4889449853273309,5.293663124574584,199.07131444538282,0.004772869912311887
1.2040133779264215,0.0,0.0,8.901351616701563,0.0,0.0,-1.522879762735539,0.0,0.0,9.417599679488433,8.901351616701563,1.522879762735539,9.417599679488433,0.0,0.0,-0.38905032051156674,0.38905032051156674,5.293194734451905,198.9780932416378,0.004826299681567423
1.3043478260869565,0.0,0.0,8.747213237962482,0.0,0.0,-1.5598878120461301,0.0,0.0,9.455539334299866,8.747213237962482,1.5598878120461301,9.455539334299866,0.0,0.0,-0.3511106657001335,0.3511106657001335,5.292722898414896,198.88423035235917,0.004848029803345204
1.4046822742474916,0.0,0.0,8.589575171818213,0.0,0.0,-1.5928735108393455,0.0,0.0,9.49804668983595,8.589575171818213,1.5928735108393455,9.49804668983595,0.0,0.0,-0.30860331016404885,0.30860331016404885,5.292249051169104,198.79001193190766,0.004872132209823807
1.5050167224080269,0.0,0.0,8.42887845893857,0.0,0.0,-1.621060746753575,0.0,0.0,9.551508591879589,8.42887845893857,1.621060746753575,9.551508591879589,0.0,0.0,-0.2551414081204104,0.2551414081204104,5.291772804652182,198.69536142140325,0.0049018900591649315
1.605351170568562,0.0,0.0,8.265630729957078,0.0,0.0,-1.6438938328763482,0.0,0.0,9.60512968566508,8.265630729957078,1.6438938328763482,9.60512968566508,0.0,0.0,-0.20152031433491935,0.20152031433491935,5.291293881016292,198.6002243000034,0.004931770093790426
1.705685618729097,0.0,0.0,8.100352741067738,0.0,0.0,-1.6616659449105553,0.0,0.0,9.652728073650923,8.100352741067738,1.6616659449105553,9.652728073650923,0.0,0.0,-0.1539219263490761,0.1539219263490761,5.290812426851694,198.50463040880908,0.004958596328910747
1.8060200668896322,0.0,0.0,7.9335174665633135,0.0,0.0,-1.6750395451779896,0.0,0.0,9.693099921000542,7.9335174665633135,1.6750395451779896,9.693099921000542,0.0,0.0,-0.11355007899945768,0.11355007899945768,5.290328773394906,198.40864617154853,0.004981744159936064
1.9063545150501673,0.0,0.0,7.765531003186355,0.0,0.0,-1.684689722361233,0.0,0.0,9.727196535334748,7.765531003186355,1.684689722361233,9.727196535334748,0.0,0.0,-0.07945346466525116,0.07945346466525116,5.289843258195739,198.31233913934184,0.0050016958384692944
2.0066889632107023,0.0,0.0,7.596737871933081,0.0,0.0,-1.6911729027042974,0.0,0.0,9.756439857804128,7.596737871933081,1.6911729027042974,9.756439857804128,0.0,0.0,-0.050210142195870944,0.050210142195870944,5.289356159471848,198.21576497450096,0.00501917690816711
2.1070234113712374,0.0,0.0,7.427433597547974,0.0,0.0,-1.694912584997898,0.0,0.0,9.782066496324026,7.427433597547974,1.694912584997898,9.782066496324026,0.0,0.0,-0.024583503675973617,0.024583503675973617,5.288867688976103,198.11896606514964,0.005034819230507008
2.2073578595317724,0.0,0.0,7.257876687396073,0.0,0.0,-1.6962256180401927,0.0,0.0,9.804972842830255,7.257876687396073,1.6962256180401927,9.804972842830255,0.0,0.0,-0.001677157169744703,0.001677157169744703,5.288378005135525,198.02197415857833,0.005049080950801728
2.307692307692308,0.0,0.0,7.088297674260512,0.0,0.0,-1.695354644671083,0.0,0.0,9.825746624552115,7.088297674260512,1.695354644671083,9.825746624552115,0.0,0.0,0.019096624552116026,0.019096624552116026,5.287887229273554,197.92481359750084,0.0050622622578513615
2.408026755852843,0.0,0.0,6.918905187953919,0.0,0.0,-1.6924950814608426,0.0,0.0,9.844744639652873,6.918905187953919,1.6924950814608426,9.844744639652873,0.0,0.0,0.03809463965287385,0.03809463965287385,5.2873954591001056,197.82750400652648,0.005074545004293437
2.508361204013378,0.0,0.0,6.7498897081147,0.0,0.0,-1.6878145153236002,0.0,0.0,9.862166683092163,6.7498897081147,1.6878145153236002,9.862166683092163,0.0,0.0,0.05551668309216318,0.05551668309216318,5.286902778410027,197.73006222115004,0.005086030494741906
2.608695652173913,0.0,0.0,6.581425708406696,0.0,0.0,-1.6814654788364751,0.0,0.0,9.878114046650524,6.581425708406696,1.6814654788364751,9.878114046650524,0.0,0.0,0.07146404665052408,0.07146404665052408,5.286409263470851,197.63250355682905,0.005096769441124903
2.709030100334448,0.0,0.0,6.413672780855696,0.0,0.0,-1.673593072183594,0.0,0.0,9.892634086407288,6.413672780855696,1.673593072183594,9.892634086407288,0.0,0.0,0.08598408640728827,0.08598408640728827,5.285914986833842,197.5348425653688,0.0051067848263930266
2.809364548494983,0.0,0.0,6.246776196425351,0.0,0.0,-1.6643386164233402,0.0,0.0,9.905755028797984,6.246776196425351,1.6643386164233402,9.905755028797984,0.0,0.0,0.09910502879798422,0.09910502879798422,5.2854200191606555,197.43709339730572,0.005116089804019973
2.9096989966555187,0.0,0.0,6.0808672584136625,0.0,0.0,-1.6538401438104402,0.0,0.0,9.917514423460212,6.0808672584136625,1.6538401438104402,9.917514423460212,0.0,0.0,0.11086442346021208,0.11086442346021208,5.284924429468514,197.33926985114445,0.005124702375595711
3.0100334448160537,0.0,0.0,5.916063738249856,0.0,0.0,-1.6422302594657123,0.0,0.0,9.927983263434546,5.916063738249856,1.6422302594657123,9.927983263434546,0.0,0.0,0.12133326343454698,0.12133326343454698,5.284428284061039,197.24138516322037,0.0051326578788321656
3.1103678929765888,0.0,0.0,5.752470636885421,0.0,0.0,-1.629631767823019,0.0,0.0,9.93728656941952,5.752470636885421,1.629631767823019,9.93728656941952,0.0,0.0,0.1306365694195204,0.1306365694195204,5.283931644341447,197.1434515778681,0.005140019689592614
3.210702341137124,0.0,0.0,5.590181476642738,0.0,0.0,-1.616151437030652,0.0,0.0,9.945620046428026,5.590181476642738,1.616151437030652,9.945620046428026,0.0,0.0,0.13897004642802635,0.13897004642802635,5.283434563694718,197.04547973543018,0.005146887928146368
3.311036789297659,0.0,0.0,5.429280285340263,0.0,0.0,-1.6018723890188638,0.0,0.0,9.95326091380794,5.429280285340263,1.6018723890188638,9.95326091380794,0.0,0.0,0.14661091380794034,0.14661091380794034,5.28293708368257,196.94747792676927,0.005153405178198496
3.411371237458194,0.0,0.0,5.269844371641254,0.0,0.0,-1.5868458849613378,0.0,0.0,9.960569167342783,5.269844371641254,1.5868458849613378,9.960569167342783,0.0,0.0,0.15391916734278333,0.15391916734278333,5.282439229936135,196.84945129052136,0.005159757268226926
3.511705685618729,0.0,0.0,5.111947891190901,0.0,0.0,-1.5710837240457127,0.0,0.0,9.967974050969925,5.111947891190901,1.5710837240457127,9.967974050969925,0.0,0.0,0.16132405096992564,0.16132405096992564,5.281941008355277,196.75140107310372,0.005166166388081095
3.6120401337792645,0.0,0.0,4.9556660557272725,0.0,0.0,-1.554552985226875,0.0,0.0,9.975940725407048,4.9556660557272725,1.554552985226875,9.975940725407048,0.0,0.0,0.16929072540704837,0.16929072540704837,5.281442402479411,196.65332412134788,0.005172873910398377
3.7123745819397995,0.0,0.0,4.801079647299563,0.0,0.0,-1.5371751833273404,0.0,0.0,9.984915312583844,4.801079647299563,1.5371751833273404,9.984915312583844,0.0,0.0,0.1782653125838447,0.1782653125838447,5.280943373065543,196.55521281052737,0.005180111930823335
3.8127090301003346,0.0,0.0,4.648279299505473,0.0,0.0,-1.5188317725544416,0.0,0.0,9.995252902874341,4.648279299505473,1.5188317725544416,9.995252902874341,0.0,0.0,0.1886029028743419,0.1886029028743419,5.280443860840042,196.45705559614788,0.005188065863527845
3.9130434782608696,0.0,0.0,4.497368857415192,0.0,0.0,-1.4993770692511952,0.0,0.0,10.007141163190798,4.497368857415192,1.4993770692511952,10.007141163190798,0.0,0.0,0.20049116319079907,0.20049116319079907,5.2799437929601,196.35883829256235,0.005196834620940505
4.013377926421405,0.0,0.0,4.34846709987439,0.0,0.0,-1.4786580815648405,0.0,0.0,10.020538590536502,4.34846709987439,1.4786580815648405,10.020538590536502,0.0,0.0,0.21388859053650222,0.21388859053650222,5.27944309292871,196.26054602558963,0.005206398265196292
4.11371237458194,0.0,0.0,4.2017072566355,0.0,0.0,-1.4565387832129588,0.0,0.0,10.035147376501339,4.2017072566355,1.4565387832129588,10.035147376501339,0.0,0.0,0.2284973765013394,0.2284973765013394,5.278941692731738,196.16216561519437,0.005216603541946576
4.214046822742475,0.0,0.0,4.057234081563732,0.0,0.0,-1.432924718222395,0.0,0.0,10.050433923310147,4.057234081563732,1.432924718222395,10.050433923310147,0.0,0.0,0.2437839233101471,0.2437839233101471,5.278439545140481,196.0636879834569,0.005227174151660078
4.31438127090301,0.0,0.0,3.9151986857378933,0.0,0.0,-1.4077831982943616,0.0,0.0,10.065696475250729,3.9151986857378933,1.4077831982943616,10.065696475250729,0.0,0.0,0.2590464752507291,0.2590464752507291,5.277936633810509,195.96511012341307,0.005237745578416429
4.414715719063545,0.0,0.0,3.7757517678881776,0.0,0.0,-1.3811551586999424,0.0,0.0,10.08016431663786,3.7757517678881776,1.3811551586999424,10.08016431663786,0.0,0.0,0.2735143166378613,0.2735143166378613,5.277432979209731,195.86643624496972,0.0052479164782992214
4.51505016722408,0.0,0.0,3.6390361713009023,0.0,0.0,-1.3531567730455534,0.0,0.0,10.093103396450124,3.6390361713009023,1.3531567730455534,10.093103396450124,0.0,0.0,0.28645339645012413,0.28645339645012413,5.276928639425794,195.76767791480415,0.005257303596920525
4.615384615384616,0.0,0.0,3.505179761162723,0.0,0.0,-1.3239714297180065,0.0,0.0,10.103903470101013,3.505179761162723,1.3239714297180065,10.103903470101013,0.0,0.0,0.29725347010101366,0.29725347010101366,5.276423706154265,195.66885325276465,0.005265587246794159
4.7157190635451505,0.0,0.0,3.374289454777515,0.0,0.0,-1.2938346979861357,0.0,0.0,10.112131164536606,3.374289454777515,1.2938346979861357,10.112131164536606,0.0,0.0,0.3054811645366069,0.3054811645366069,5.275918297181561,195.56998544509509,0.0052725391745412995
4.816053511705686,0.0,0.0,3.2464469296552196,0.0,0.0,-1.2630158044597584,0.0,0.0,10.117546705991135,3.2464469296552196,1.2630158044597584,10.117546705991135,0.0,0.0,0.3108967059911354,0.3108967059911354,5.2754125471230555,195.471100921049,0.005278031567350537
4.916387959866221,0.0,0.0,3.121706199222198,0.0,0.0,-1.23179880420066,0.0,0.0,10.120093299191034,3.121706199222198,1.23179880420066,10.120093299191034,0.0,0.0,0.3134432991910341,0.3134432991910341,5.2749065980084815,195.37222750518094,0.005282031814762787
5.016722408026756,0.0,0.0,3.000092985416459,0.0,0.0,-1.2004654719140935,0.0,0.0,10.11987334654049,3.000092985416459,1.2004654719140935,10.11987334654049,0.0,0.0,0.3132233465404912,0.3132233465404912,5.274400590727399,195.2733927432055,0.0052845903785371726
5.117056856187291,0.0,0.0,2.881605682321479,0.0,0.0,-1.1692805899854932,0.0,0.0,10.117124292031706,2.881605682321479,1.1692805899854932,10.117124292031706,0.0,0.0,0.3104742920317065,0.3104742920317065,5.273894657673093,195.17462246687083,0.005285828423236083
5.217391304347826,0.0,0.0,2.766217686701391,0.0,0.0,-1.138479322416248,0.0,0.0,10.112201059353392,2.766217686701391,1.138479322416248,10.112201059353392,0.0,0.0,0.3055510593533928,0.3055510593533928,5.273388916429441,195.0759395666849,0.005285928850077546
5.317725752508362,0.0,0.0,2.6538809198743576,0.0,0.0,-1.1082560141244127,0.0,0.0,10.105565106483505,2.6538809198743576,1.1082560141244127,10.105565106483505,0.0,0.0,0.2989151064835056,0.2989151064835056,5.27288346417047,194.97736290735628,0.005285130759144381
5.418060200668896,0.0,0.0,2.544530418299481,0.0,0.0,-1.0787540173731076,0.0,0.0,10.097774828542779,2.544530418299481,1.0787540173731076,10.097774828542779,0.0,0.0,0.2911248285427792,0.2911248285427792,5.272378372573484,194.8789063466331,0.005283724596314366
5.518394648829432,0.0,0.0,2.438089878356929,0.0,0.0,-1.050056781477908,0.0,0.0,10.089469889361405,2.438089878356929,1.050056781477908,10.089469889361405,0.0,0.0,0.2828198893614058,0.2828198893614058,5.2718736833638475,194.78057788015937,0.005282044102397357
5.618729096989966,0.0,0.0,2.3344779830014977,0.0,0.0,-1.0221811256306998,0.0,0.0,10.081343227582948,2.3344779830014977,1.0221811256306998,10.081343227582948,0.0,0.0,0.274693227582949,0.274693227582949,5.2713694049513276,194.68237900142455,0.005280451775086612
5.719063545150502,0.0,0.0,2.233615224042887,0.0,0.0,-0.9950740535415056,0.0,0.0,10.074098214201117,2.233615224042887,0.9950740535415056,10.074098214201117,0.0,0.0,0.2674482142011172,0.2674482142011172,5.270865510837401,194.58430440824085,0.005279316495435596
5.819397993311037,0.0,0.0,2.13543079773178,0.0,0.0,-0.9686144726806142,0.0,0.0,10.068393403016897,2.13543079773178,0.9686144726806142,10.068393403016897,0.0,0.0,0.26174340301689725,0.26174340301689725,5.27036194047488,194.48634218703472,0.005278984568398541
5.919732441471572,0.0,0.0,2.039869038771609,0.0,0.0,-0.942620706522791,0.0,0.0,10.06478192013975,2.039869038771609,0.942620706522791,10.06478192013975,0.0,0.0,0.25813192013974984,0.25813192013974984,5.269858603024088,194.3884745596317,0.005279747848890713
6.0200668896321075,0.0,0.0,1.9468948113251603,0.0,0.0,-0.916863842406164,0.0,0.0,10.063655362192975,1.9468948113251603,0.916863842406164,10.063655362192975,0.0,0.0,0.25700536219297554,0.25700536219297554,5.2693553840268965,194.29067919470475,0.00528181412365464
6.120401337792642,0.0,0.0,1.8564973212596274,0.0,0.0,-0.8910859589044816,0.0,0.0,10.065202307840854,1.8564973212596274,0.8910859589044816,10.065202307840854,0.0,0.0,0.2585523078408549,0.2585523078408549,5.268852154520572,194.19293098908364,0.005285285065698473
6.2207357859531776,0.0,0.0,1.7686919541494768,0.0,0.0,-0.865021383298513,0.0,0.0,10.069389204278698,1.7686919541494768,0.865021383298513,10.069389204278698,0.0,0.0,0.2627392042786987,0.2627392042786987,5.268348781666659,194.09520413778742,0.005290145870424884
6.321070234113712,0.0,0.0,1.683519956819675,0.0,0.0,-0.8384185632974994,0.0,0.0,10.075967195741754,1.683519956819675,0.8384185632974994,10.075967195741754,0.0,0.0,0.2693171957417544,0.2693171957417544,5.267845139687026,193.9974742574392,0.005296268495381
6.421404682274248,0.0,0.0,1.6010460274021907,0.0,0.0,-0.8110600250521678,0.0,0.0,10.084503569165054,1.6010460274021907,0.8110600250521678,10.084503569165054,0.0,0.0,0.277853569165055,0.277853569165055,5.267341119843039,193.8997203177622,0.00530342786078242
6.521739130434783,0.0,0.0,1.5213541141815896,0.0,0.0,-0.7827782393598267,0.0,0.0,10.094432144681939,1.5213541141815896,0.7827782393598267,10.094432144681939,0.0,0.0,0.2877821446819393,0.2877821446819393,5.266836638368777,193.80192617073914,0.005311328077136457
6.622073578595318,0.0,0.0,1.4445419059451867,0.0,0.0,-0.7534659253682064,0.0,0.0,10.105114135150638,1.4445419059451867,0.7534659253682064,10.105114135150638,0.0,0.0,0.2984641351506383,0.2984641351506383,5.266331641622978,193.70408153638368,0.005319634277128055
6.722408026755853,0.0,0.0,1.37071459932536,0.0,0.0,-0.7230802070283001,0.0,0.0,10.115900231647657,1.37071459932536,0.7230802070283001,10.115900231647657,0.0,0.0,0.30925023164765797,0.30925023164765797,5.265826108167293,193.606182390396,0.005328005205060021
6.822742474916388,0.0,0.0,1.299978543743598,0.0,0.0,-0.6916409046069145,0.0,0.0,10.126185816780222,1.299978543743598,0.6916409046069145,10.126185816780222,0.0,0.0,0.31953581678022225,0.31953581678022225,5.265320047912022,193.50823078311163,0.005336122298886276
6.923076923076923,0.0,0.0,1.232435301925963,0.0,0.0,-0.6592239317457593,0.0,0.0,10.135453640443044,1.232435301925963,0.6592239317457593,10.135453640443044,0.0,0.0,0.328803640443045,0.328803640443045,5.264813498814612,193.4102341856065,0.005343712263502903
7.023411371237458,0.0,0.0,1.1681765458106845,0.0,0.0,-0.625951190559795,0.0,0.0,10.143301183276403,1.1681765458106845,0.625951190559795,10.143301183276403,0.0,0.0,0.33665118327640364,0.33665118327640364,5.2643065218270975,193.31220449922182,0.00535056164534443
7.1237458193979935,0.0,0.0,1.1072800611218878,0.0,0.0,-0.5919785032161137,0.0,0.0,10.149452563597384,1.1072800611218878,0.5919785032161137,10.149452563597384,0.0,0.0,0.3428025635973846,0.3428025635973846,5.263799194861816,193.21415687836532,0.005356523299928815
7.224080267558529,0.0,0.0,1.0498069841948974,0.0,0.0,-0.5574830353236786,0.0,0.0,10.153756794251477,1.0498069841948974,0.5574830353236786,10.153756794251477,0.0,0.0,0.34710679425147717,0.34710679425147717,5.263291606502997,193.1161085077857,0.005361515673518035
7.3244147157190636,0.0,0.0,0.9958002610284492,0.0,0.0,-0.5226514280052618,0.0,0.0,10.156175352117014,0.9958002610284492,0.5226514280052618,10.156175352117014,0.0,0.0,0.3495253521170145,0.3495253521170145,5.262783850072698,193.01807745195225,0.005365516435101032
7.424749163879599,0.0,0.0,0.945284212788456,0.0,0.0,-0.48766953679458647,0.0,0.0,10.156762472096647,0.945284212788456,0.48766953679458647,10.156762472096647,0.0,0.0,0.3501124720966473,0.3501124720966473,5.262276018500178,192.9200816629389,0.005368552239293592
7.525083612040134,0.0,0.0,0.8982650190288541,0.0,0.0,-0.45271433839743097,0.0,0.0,10.155641495846615,0.8982650190288541,0.45271433839743097,10.155641495846615,0.0,0.0,0.34899149584661515,0.34899149584661515,5.261768200275216,192.8221382003517,0.005370686365766752
7.625418060200669,0.0,0.0,0.8547318893944478,0.0,0.0,-0.4179482542906784,0.0,0.0,10.15298018628859,0.8547318893944478,0.4179482542906784,10.15298018628859,0.0,0.0,0.3463301862885899,0.3463301862885899,5.261260476609867,192.7242626865441,0.005372005767037755
7.725752508361205,0.0,0.0,0.8146586827548583,0.0,0.0,-0.3835158785010929,0.0,0.0,10.148967329503272,0.8146586827548583,0.3835158785010929,10.148967329503272,0.0,0.0,0.3423173295032722,0.3423173295032722,5.260752919802315,192.62646899506348,0.00537260875147071
7.826086956521739,0.0,0.0,0.7780057439897134,0.0,0.0,-0.3495428968017895,0.0,0.0,10.143792304482947,0.7780057439897134,0.3495428968017895,10.143792304482947,0.0,0.0,0.33714230448294735,0.33714230448294735,5.260245592696477,192.52876915102544,0.005372594194402198
7.926421404682275,0.0,0.0,0.7447217567700722,0.0,0.0,-0.3161368475910177,0.0,0.0,10.137628679732638,0.7447217567700722,0.3161368475910177,10.137628679732638,0.0,0.0,0.33097867973263817,0.33097867973263817,5.259738549062434,192.4311734089981,0.005372052845045956
8.02675585284281,0.0,0.0,0.714745449557323,0.0,0.0,-0.28338929666394785,0.0,0.0,10.130622338808903,0.714745449557323,0.28338929666394785,10.130622338808903,0.0,0.0,0.32397233880890397,0.32397233880890397,5.259231834683848,192.3336904666336,0.005371061004120829
8.127090301003344,0.0,0.0,0.688007036186947,0.0,0.0,-0.25137897074355153,0.0,0.0,10.122884179599167,0.688007036186947,0.25137897074355153,10.122884179599167,0.0,0.0,0.3162341795991672,0.3162341795991672,5.2587254889247355,192.23632776980588,0.005369676605763987
8.22742474916388,0.0,0.0,0.6644293173080869,0.0,0.0,-0.22017540683363368,0.0,0.0,10.114487098599332,0.6644293173080869,0.22017540683363368,10.114487098599332,0.0,0.0,0.3078370985993324,0.3078370985993324,5.2582195465541774,192.13909186638259,0.005367937560343173
8.327759197324415,0.0,0.0,0.6439284112839134,0.0,0.0,-0.18984271364981656,0.0,0.0,10.105466765077153,0.6439284112839134,0.18984271364981656,10.105466765077153,0.0,0.0,0.29881676507715405,0.29881676507715405,5.257714039627064,192.0419887696867,0.0053658621044677295
8.42809364548495,0.0,0.0,0.6264141208059375,0.0,0.0,-0.16044309590968048,0.0,0.0,10.095825589725708,0.6264141208059375,0.16044309590968048,10.095825589725708,0.0,0.0,0.28917558972570845,0.28917558972570845,5.257208999246263,191.94502429809648,0.005363450849995725
8.528428093645486,0.0,0.0,0.6117899733392242,0.0,0.0,-0.13203985342456306,0.0,0.0,10.085539259976779,0.6117899733392242,0.13203985342456306,10.085539259976779,0.0,0.0,0.27888925997677916,0.27888925997677916,5.2567044570621855,191.8482043632389,0.0053606902051330264
8.62876254180602,0.0,0.0,0.5999529991666238,0.0,0.0,-0.10469963002742512,0.0,0.0,10.074565207966115,0.5999529991666238,0.10469963002742512,10.074565207966115,0.0,0.0,0.2679152079661158,0.2679152079661158,5.2562004463972665,191.75153518538895,0.005357556835899167
8.729096989966555,0.0,0.0,0.5907933300970089,0.0,0.0,-0.07849375136485247,0.0,0.0,10.06285236528547,0.5907933300970089,0.07849375136485247,10.06285236528547,0.0,0.0,0.25620236528547125,0.25620236528547125,5.255697002914871,191.65502342090832,0.005354022828376046
8.82943143812709,0.0,0.0,0.5841937146917937,0.0,0.0,-0.05349855673942991,0.0,0.0,10.05035152722311,0.5841937146917937,0.05349855673942991,10.05035152722311,0.0,0.0,0.24370152722311111,0.24370152722311111,5.25519416478522,191.55867619295316,0.0053500611938421296
8.929765886287626,0.0,0.0,0.5800290518481063,0.0,0.0,-0.02979470013429598,0.0,0.0,10.037025604879695,0.5800290518481063,0.02979470013429598,10.037025604879695,0.0,0.0,0.23037560487969522,0.23037560487969522,5.254691972335892,191.46250102340912,0.00534565133363585
9.03010033444816,0.0,0.0,0.5781660433746647,0.0,0.0,-0.0074654693345141045,0.0,0.0,10.022859011116068,0.5781660433746647,0.0074654693345141045,10.022859011116068,0.0,0.0,0.21620901111606905,0.21620901111606905,5.254190467211385,191.3665056710874,0.005340784061550192
9.130434782608695,0.0,0.0,0.5784630575708192,0.0,0.0,0.01340575325762353,0.0,0.0,10.007865440726809,0.5784630575708192,0.01340575325762353,10.007865440726809,0.0,0.0,0.2012154407268092,0.2012154407268092,5.253689691103486,191.27069788832176,0.005335465787430326
9.230769230769232,0.0,0.0,0.5807702799968666,0.0,0.0,0.032738695263345156,0.0,0.0,9.99209339938775,0.5807702799968666,0.032738695263345156,9.99209339938775,0.0,0.0,0.18544339938775067,0.18544339938775067,5.25318968414895,191.17508511469646,0.005329721514093967
9.331103678929766,0.0,0.0,0.5849302055832134,0.0,0.0,0.050459816463614374,0.0,0.0,9.975629024617758,0.5849302055832134,0.050459816463614374,9.975629024617758,0.0,0.0,0.1689790246177587,0.1689790246177587,5.252690483118387,191.07967413180123,0.005323596398871477
9.431438127090301,0.0,0.0,0.5907784998144152,0.0,0.0,0.06650606816044295,0.0,0.0,9.958596009318931,0.5907784998144152,0.06650606816044295,9.958596009318931,0.0,0.0,0.15194600931893198,0.15194600931893198,5.25219211953657,190.984470705919,0.005317155772752097
9.531772575250836,0.0,0.0,0.5981452284915074,0.0,0.0,0.08082850538142379,0.0,0.0,9.941152735100804,0.5981452284915074,0.08082850538142379,9.941152735100804,0.0,0.0,0.13450273510080457,0.13450273510080457,5.2516946178762955,190.88947924581998,0.005310483668205693
9.632107023411372,0.0,0.0,0.6068564283172341,0.0,0.0,0.09339549113313167,0.0,0.0,9.923486979933468,0.6068564283172341,0.09339549113313167,9.923486979933468,0.0,0.0,0.11683697993346875,0.11683697993346875,5.251197993956235,190.79470250048595,0.005303680044621659
9.732441471571907,0.0,0.0,0.6167359666876208,0.0,0.0,0.10419527627462483,0.0,0.0,9.90580872289651,0.6167359666876208,0.10419527627462483,9.90580872289651,0.0,0.0,0.09915872289650984,0.09915872289650984,5.250702253650985,190.7001413172598,0.005296856985853492
9.832775919732441,0.0,0.0,0.6276076201393437,0.0,0.0,0.11323779275985586,0.0,0.0,9.888341606808224,0.6276076201393437,0.11323779275985586,9.888341606808224,0.0,0.0,0.08169160680822429,0.08169160680822429,5.250207391994432,190.6057944756652,0.005290134165996673
9.933110367892978,0.0,0.0,0.6392972873540016,0.0,0.0,0.12055555153332197,0.0,0.0,9.871313568661206,0.6392972873540016,0.12055555153332197,9.871313568661206,0.0,0.0,0.06466356866120648,0.06466356866120648,5.249713392730791,190.51165860698774,0.005283633853673056
10.033444816053512,0.0,0.0,0.6516352441244366,0.0,0.0,0.1262035838753992,0.0,0.0,9.854947078180446,0.6516352441244366,0.1262035838753992,9.854947078180446,0.0,0.0,0.04829707818044682,0.04829707818044682,5.249220228343937,190.41772820515055,0.005277475689045766
10.133779264214047,0.0,0.0,0.6644583437281402,0.0,0.0,0.1302584081986937,0.0,0.0,9.839449408285551,0.6644583437281402,0.1302584081986937,9.839449408285551,0.0,0.0,0.032799408285551834,0.032799408285551834,5.248727860574018,190.32399573027956,0.005271771459981276
10.234113712374581,0.0,0.0,0.6776120666419375,0.0,0.0,0.1328160500772723,0.0,0.0,9.825003429286122,0.6776120666419375,0.1328160500772723,9.825003429286122,0.0,0.0,0.01835342928612249,0.01835342928612249,5.24823624140745,190.2304518019988,0.005266620141256235
10.334448160535118,0.0,0.0,0.6909523290716908,0.0,0.0,0.1339891985178139,0.0,0.0,9.81175953952481,0.6909523290716908,0.1339891985178139,9.81175953952481,0.0,0.0,0.0051095395248097475,0.0051095395248097475,5.247745314498808,190.1370854742627,0.005262103526693967
10.434782608695652,0.0,0.0,0.7043469713590792,0.0,0.0,0.13390364722997433,0.0,0.0,9.799829434718497,0.7043469713590792,0.13390364722997433,9.799829434718497,0.0,0.0,-0.006820565281502766,0.006820565281502766,5.24725501695022,190.04388457731162,0.005258282833581795
10.535117056856187,0.0,0.0,0.7176768656233675,0.0,0.0,0.13269423805581085,0.0,0.0,9.789282381798328,0.7176768656233675,0.13269423805581085,9.789282381798328,0.0,0.0,-0.01736761820167132,0.01736761820167132,5.246765281339667,189.950836105901,0.005255196640763213
10.635451505016723,0.0,0.0,0.7308366065031631,0.0,0.0,0.13050057954011834,0.0,0.0,9.780144447887919,0.7308366065031631,0.13050057954011834,9.780144447887919,0.0,0.0,-0.02650555211208072,0.02650555211208072,5.246276037861757,189.85792662774404,0.005252860407736078
10.735785953177258,0.0,0.0,0.7437347774874516,0.0,0.0,0.12746284014567047,0.0,0.0,9.772400764223217,0.7437347774874516,0.12746284014567047,9.772400764223217,0.0,0.0,-0.03424923577678207,0.03424923577678207,5.245787216431132,189.7651426836719,0.005251267623795138
10.836120401337793,0.0,0.0,0.7562938145933975,0.0,0.0,0.12371790197326119,0.0,0.0,9.766000472328688,0.7562938145933975,0.12371790197326119,9.766000472328688,0.0,0.0,-0.04064952767131125,0.04064952767131125,5.245298748605648,189.67247115244587,0.005250392403850564
10.936454849498329,0.0,0.0,0.7684495150457641,0.0,0.0,0.11939610707408524,0.0,0.0,9.760863629687885,0.7684495150457641,0.11939610707408524,9.760863629687885,0.0,0.0,-0.045786370312114855,0.045786370312114855,5.24481056921323,189.579899558331,0.005250193147611008
11.036789297658864,0.0,0.0,0.7801502576871191,0.0,0.0,0.11461874575302738,0.0,0.0,9.756889143891048,0.7801502576871191,0.11461874575302738,9.756889143891048,0.0,0.0,-0.049760856108951756,0.049760856108951756,5.244322617607757,189.48741630748657,0.005250616765025229
11.137123745819398,0.0,0.0,0.791356012109739,0.0,0.0,0.10949634269938839,0.0,0.0,9.753962795036262,0.791356012109739,0.10949634269938839,9.753962795036262,0.0,0.0,-0.052687204963737244,0.052687204963737244,5.243834838526,189.39501084811283,0.0052516029637435895
11.237458193979933,0.0,0.0,0.8020372147831263,0.0,0.0,0.10412771076836735,0.0,0.0,9.751964566343403,0.8020372147831263,0.10412771076836735,9.751964566343403,0.0,0.0,-0.05468543365659606,0.05468543365659606,5.243347182560743,189.30267375747925,0.00525308817847257
11.33779264214047,0.0,0.0,0.8121735841772802,0.0,0.0,0.0985996771147254,0.0,0.0,9.750774760583841,0.8121735841772802,0.0985996771147254,9.750774760583841,0.0,0.0,-0.05587523941615835,0.05587523941615835,5.242859606297719,189.21039676509167,0.005255008859163153
11.438127090301004,0.0,0.0,0.8217529354295043,0.0,0.0,0.09298734792976969,0.0,0.0,9.750278655717128,0.8217529354295043,0.09298734792976969,9.750278655717128,0.0,0.0,-0.05637134428287105,0.05637134428287105,5.242372072183225,189.11817272486144,0.005257303982495784
11.538461538461538,0.0,0.0,0.8307700410802725,0.0,0.0,0.08735476508560654,0.0,0.0,9.750369687399692,0.8307700410802725,0.08735476508560654,9.750369687399692,0.0,0.0,-0.056280312600307525,0.056280312600307525,5.241884548195821,189.02599555032157,0.005259916776961573
11.638795986622075,0.0,0.0,0.8392255700807545,0.0,0.0,0.0817558149240432,0.0,0.0,9.750951309369123,0.8392255700807545,0.0817558149240432,9.750951309369123,0.0,0.0,-0.05569869063087651,0.05569869063087651,5.241397007391902,188.93386012620383,0.0052627957399908115
11.73913043478261,0.0,0.0,0.8471251242771105,0.0,0.0,0.07623526900308927,0.0,0.0,9.75193777221188,0.8471251242771105,0.07623526900308927,9.75193777221188,0.0,0.0,-0.05471222778811935,0.05471222778811935,5.240909427385336,188.84176220781933,0.005265895074275342
11.839464882943144,0.0,0.0,0.8544783808329918,0.0,0.0,0.07082986211454745,0.0,0.0,9.753254090017363,0.8544783808329918,0.07082986211454745,9.753254090017363,0.0,0.0,-0.05339590998263688,0.05339590998263688,5.240421789808432,188.74969831720867,0.005269174686663454
11.939799331103679,0.0,0.0,0.8612983408993221,0.0,0.0,0.06556933921206898,0.0,0.0,9.754835451933143,0.8612983408993221,0.06556933921206898,9.754835451933143,0.0,0.0,-0.05181454806685615,0.05181454806685615,5.239934079788476,188.65766564252868,0.005272599886885135
12.040133779264215,0.0,0.0,0.8676006791994728,0.0,0.0,0.06047742679095547,0.0,0.0,9.756626299644662,0.8676006791994728,0.06047742679095547,9.756626299644662,0.0,0.0,-0.05002370035533765,0.05002370035533765,5.239446285462035,188.56566194485387,0.0052761409045004705
12.14046822742475,0.0,0.0,0.8734031857426447,0.0,0.0,0.05557270407249216,0.0,0.0,9.758579245986146,0.8734031857426447,0.05557270407249216,9.758579245986146,0.0,0.0,-0.04807075401385319,0.04807075401385319,5.23895839753935,188.47368547468676,0.005279772318188409
12.240802675585284,0.0,0.0,0.8787252891732,0.0,0.0,0.05086936453861988,0.0,0.0,9.76065396333648,0.8787252891732,0.05086936453861988,9.76065396333648,0.0,0.0,-0.045996036663519035,0.045996036663519035,5.2384704089235665,188.3817348990421,0.0052834724666993675
12.34113712374582,0.0,0.0,0.8835876508565174,0.0,0.0,0.04637786912773708,0.0,0.0,9.762816128445934,0.8835876508565174,0.04637786912773708,9.762816128445934,0.0,0.0,-0.043833871554065595,0.043833871554065595,5.237982314384134,188.2898092389405,0.005287222888343049
12.441471571906355,0.0,0.0,0.8880118192787816,0.0,0.0,0.04210549931755389,0.0,0.0,9.765036475350476,0.8880118192787816,0.04210549931755389,9.765036475350476,0.0,0.0,-0.041613524649523725,0.041613524649523725,5.237494110280256,188.1979078165027,0.005291007817124397
12.54180602006689,0.0,0.0,0.8920199353511005,0.0,0.0,0.038056822128834024,0.0,0.0,9.7672899808752,0.8920199353511005,0.038056822128834024,9.7672899808752,0.0,0.0,-0.039360019124799805,0.039360019124799805,5.237005794328387,188.10603021048357,0.005294813749038565
12.642140468227424,0.0,0.0,0.8956344804851483,0.0,0.0,0.03423408055213073,0.0,0.0,9.769555187590806,0.8956344804851483,0.03423408055213073,9.769555187590806,0.0,0.0,-0.03709481240919388,0.03709481240919388,5.236517365407015,188.01417621894336,0.005298629081441164
12.74247491638796,0.0,0.0,0.8988780606494496,0.0,0.0,0.030637522733906044,0.0,0.0,9.771813656044769,0.8988780606494496,0.030637522733906044,9.771813656044769,0.0,0.0,-0.03483634395523083,0.03483634395523083,5.2360288233920675,187.92234582778332,0.005302443821342922
12.842809364548495,0.0,0.0,0.9017732208891635,0.0,0.0,0.027265682060378393,0.0,0.0,9.774049530484746,0.9017732208891635,0.027265682060378393,9.774049530484746,0.0,0.0,-0.03260046951525375,0.03260046951525375,5.23554016901686,187.83053918398127,0.005306249354330021
12.94314381270903,0.0,0.0,0.9043422859185034,0.0,0.0,0.024115618526426057,0.0,0.0,9.776249198836274,0.9043422859185034,0.024115618526426057,9.776249198836274,0.0,0.0,-0.030400801163725788,0.030400801163725788,5.235051403751423,187.73875657254314,0.0053100382638966515
13.043478260869566,0.0,0.0,0.9066072233363331,0.0,0.0,0.02118312983017517,0.0,0.0,9.778401027238775,0.9066072233363331,0.02118312983017517,9.778401027238775,0.0,0.0,-0.028248972761224067,0.028248972761224067,5.234562529696939,187.6469983963571,0.005313804190682426
13.143812709030101,0.0,0.0,0.9085895267646322,0.0,0.0,0.018462938735811694,0.0,0.0,9.780495150874021,0.9085895267646322,0.018462938735811694,9.780495150874021,0.0,0.0,-0.02615484912597843,0.02615484912597843,5.234073549492069,187.55526515833458,0.005317541721837956
13.244147157190636,0.0,0.0,0.9103101167788762,0.0,0.0,0.015948861549078177,0.0,0.0,9.782523305391374,0.9103101167788762,0.015948861549078177,9.782523305391374,0.0,0.0,-0.0241266946086256,0.0241266946086256,5.233584466228711,187.4635574453728,0.0053212463020973376
13.34448160535117,0.0,0.0,0.9117892579127956,0.0,0.0,0.013633961129318644,0.0,0.0,9.784478686213498,0.9117892579127956,0.013633961129318644,9.784478686213498,0.0,0.0,-0.022171313786500946,0.022171313786500946,5.233095283375488,187.37187591381118,0.005324914159720728
13.444816053511706,0.0,0.0,0.913046490306325,0.0,0.0,0.01151068674127505,0.0,0.0,9.786355826025693,0.913046490306325,0.01151068674127505,9.786355826025693,0.0,0.0,-0.020294173974306773,0.020294173974306773,5.232606004707831,187.28022127616563,0.005328542242084284
13.545150501672241,0.0,0.0,0.9141005747542552,0.0,0.0,0.009571002217332982,0.0,0.0,9.788150483495528,0.9141005747542552,0.009571002217332982,9.788150483495528,0.0,0.0,-0.018499516504471458,0.018499516504471458,5.232116634243889,187.18859428899174,0.005332128157166845
13.645484949832776,0.0,0.0,0.9149694500311899,0.0,0.0,0.007806503321368858,0.0,0.0,9.789859538585251,0.9149694500311899,0.007806503321368858,9.789859538585251,0.0,0.0,-0.016790461414748492,0.016790461414748492,5.231627176185844,187.09699574179513,0.0053356701184282835
13.745819397993312,0.0,0.0,0.9156702014390028,0.0,0.0,0.006208524834896516,0.0,0.0,9.791480891685362,0.9156702014390028,0.006208524834896516,9.791480891685362,0.0,0.0,-0.01516910831463747,0.01516910831463747,5.231137634866377,187.00542644693672,0.005339166891581236
13.846153846153847,0.0,0.0,0.9162190395646562,0.0,0.0,0.004768237678177763,0.0,0.0,9.793013365180322,0.9162190395646562,0.004768237678177763,9.793013365180322,0.0,0.0,-0.013636634819677695,0.013636634819677695,5.230648014700095,186.91388723049607,0.00534261774250588
13.946488294314381,0.0,0.0,0.916631288263049,0.0,0.0,0.0034767362896837165,0.0,0.0,9.794456607049856,0.916631288263049,0.0034767362896837165,9.794456607049856,0.0,0.0,-0.012193392950143433,0.012193392950143433,5.230158320139853,186.82237892407414,0.005346022386095694
14.046822742474916,0.0,0.0,0.9169213809014756,0.0,0.0,0.0023251164788550224,0.0,0.0,9.795810996733627,0.9169213809014756,0.0023251164788550224,9.795810996733627,0.0,0.0,-0.010839003266372771,0.010839003266372771,5.229668555637813,186.73090235750666,0.005349380936162545
14.147157190635452,0.0,0.0,0.9171028639258472,0.0,0.0,0.0013045440085829112,0.0,0.0,9.79707755386099,0.9171028639258472,0.0013045440085829112,9.79707755386099,0.0,0.0,-0.009572446139008761,0.009572446139008761,5.229178725611167,186.63945835246724,0.0053526938567340365
14.247491638795987,0.0,0.0,0.9171884068378432,0.0,0.0,0.0004063142313440251,0.0,0.0,9.798257850594288,0.9171884068378432,0.0004063142313440251,9.798257850594288,0.0,0.0,-0.008392149405711535,0.008392149405711535,5.228688834412304,186.54804771692088,0.005355961915158111
14.347826086956522,0.0,0.0,0.9171898177083688,0.0,0.0,-0.0003780968208266216,0.0,0.0,9.799353928362356,0.9171898177083688,0.0003780968208266216,9.799353928362356,0.0,0.0,-0.007296071637643564,0.007296071637643564,5.22819888630328,186.45667124039366,0.005359186137446862
14.448160535117058,0.0,0.0,0.9171180633963342,0.0,0.0,-0.00105698941985753,0.0,0.0,9.80036821965708,0.9171180633963342,0.00105698941985753,9.80036821965708,0.0,0.0,-0.006281780342918708,0.006281780342918708,5.227708885434295,186.36532969000496,0.005362367766236904
14.548494983277592,0.0,0.0,0.9169832936921274,0.0,0.0,-0.001638404664276457,0.0,0.0,9.801303475454594,0.9169832936921274,0.001638404664276457,9.801303475454594,0.0,0.0,-0.005346524545405629,0.005346524545405629,5.22721883582596,186.27402380721654,0.0053655082216840806
14.648829431438127,0.0,0.0,0.9167948686609363,0.0,0.0,-0.0021300959595394833,0.0,0.0,9.802162698640199,0.9167948686609363,0.0021300959595394833,9.802162698640199,0.0,0.0,-0.004487301359800355,0.004487301359800355,5.226728741355041,186.18275430523875,0.005368609065511953
14.749163879598662,0.0,0.0,0.9165613885207265,0.0,0.0,-0.0025395068446510114,0.0,0.0,9.802949083657625,0.9165613885207265,0.0025395068446510114,9.802949083657625,0.0,0.0,-0.0037009163423746827,0.0037009163423746827,5.226238605743365,186.09152186703375,0.005371671968347551
14.849498327759198,0.0,0.0,0.9162907254515137,0.0,0.0,-0.002873754539600413,0.0,0.0,9.803665962443441,0.9162907254515137,0.002873754539600413,9.803665962443441,0.0,0.0,-0.0029840375565584054,0.0029840375565584054,5.2257484325496,186.00032714385787,0.005374698680390769
14.949832775919733,0.0,0.0,0.9159900567950584,0.0,0.0,-0.0031396185895002054,0.0,0.0,9.804316756558618,0.9159900567950584,0.0031396185895002054,9.804316756558618,0.0,0.0,-0.002333243441380972,0.002333243441380972,5.225258225163571,185.90917075428123,0.005377691005382405
15.050167224080267,0.0,0.0,0.9156658991658172,0.0,0.0,-0.0033435339953148797,0.0,0.0,9.804904935325142,0.9156658991658172,0.0033435339953148797,9.804904935325142,0.0,0.0,-0.001745064674857133,0.001745064674857133,5.224767986802828,185.8180532836282,0.005380650777778471
15.150501672240804,0.0,0.0,0.9153241430537532,0.0,0.0,-0.003491588245962144,0.0,0.0,9.805433979661965,0.9153241430537532,0.003491588245962144,9.805433979661965,0.0,0.0,-0.0012160203380346957,0.0012160203380346957,5.224277720511164,185.72697528378163,0.005383579842975629
15.250836120401338,0.0,0.0,0.9149700875564591,0.0,0.0,-0.0035895216999128573,0.0,0.0,9.805907351259071,0.9149700875564591,0.0035895216999128573,9.805907351259071,0.0,0.0,-0.0007426487409283311,0.0007426487409283311,5.2237874291588025,185.63593727329797,0.005386480040401437
15.351170568561873,0.0,0.0,0.9146084749312989,0.0,0.0,-0.0036427308032881407,0.0,0.0,9.806328466673472,0.9146084749312989,0.0036427308032881407,9.806328466673472,0.0,0.0,-0.0003215333265274012,0.0003215333265274012,5.223297115444012,185.54493973778781,0.00538935318925187
15.45150501672241,0.0,0.0,0.9142435247074014,0.0,0.0,-0.0036562736746545486,0.0,0.0,9.80670067589925,0.9142435247074014,0.0036562736746545486,9.80670067589925,0.0,0.0,5.067589925111804e-05,5.067589925111804e-05,5.222806781895889,185.45398313051018,0.0053922010766405066
15.551839464882944,0.0,0.0,0.9138789671420798,0.0,0.0,-0.0036348776317713816,0.0,0.0,9.807027244958464,0.9138789671420798,0.0036348776317713816,9.807027244958464,0.0,0.0,0.00037724495846447326,0.00037724495846447326,5.222316430878129,185.3630678731507,0.0053950254479193036
15.652173913043478,0.0,0.0,0.9135180758464488,0.0,0.0,-0.003582948280845577,0.0,0.0,9.807311342060103,0.9135180758464488,0.003582948280845577,9.807311342060103,0.0,0.0,0.00066134206010382,0.00066134206010382,5.221826064593573,185.27219435673913,0.005397827998930507
15.752508361204013,0.0,0.0,0.9131636994407223,0.0,0.0,-0.003504579833676862,0.0,0.0,9.80755602688332,0.9131636994407223,0.003504579833676862,9.80755602688332,0.0,0.0,0.0009060268833209761,0.0009060268833209761,5.221335685089356,185.18136294267728,0.0054006103699528836
15.85284280936455,0.0,0.0,0.9128182921310113,0.0,0.0,-0.0034035663605398864,0.0,0.0,9.807764242579468,0.9128182921310113,0.0034035663605398864,9.807764242579468,0.0,0.0,0.0011142425794687938,0.0011142425794687938,5.220845294262542,185.09057396385398,0.005403374141125404
15.953177257525084,0.0,0.0,0.9124839431266419,0.0,0.0,-0.003283413726839086,0.0,0.0,9.807938810094596,0.9124839431266419,0.003283413726839086,9.807938810094596,0.0,0.0,0.0012888100945964709,0.0012888100945964709,5.220354893866092,184.99982772581708,0.005406120829134808
16.05351170568562,0.0,0.0,0.9121624048403628,0.0,0.0,-0.003147351998741577,0.0,0.0,9.8080824244674,0.9121624048403628,0.003147351998741577,9.8080824244674,0.0,0.0,0.0014324244674011055,0.0014324244674011055,5.219864485515067,184.90912450798774,0.005408851884981604
16.153846153846153,0.0,0.0,0.9118551198336121,0.0,0.0,-0.002998348136266808,0.0,0.0,9.808197652782141,0.9118551198336121,0.002998348136266808,9.808197652782141,0.0,0.0,0.0015476527821416397,0.0015476527821416397,5.2193740706929646,184.81846456489407,0.005411568692652039
16.254180602006688,0.0,0.0,0.9115632464856874,0.0,0.0,-0.00283911882222348,0.0,0.0,9.80828693349877,0.9115632464856874,0.00283911882222348,9.80828693349877,0.0,0.0,0.0016369334987711426,0.0016369334987711426,5.218883650758152,184.7278481274199,0.005414272568546028
16.354515050167226,0.0,0.0,0.9112876833794966,0.0,0.0,-0.002672143301588059,0.0,0.0,9.80835257691398,0.9112876833794966,0.002672143301588059,9.80835257691398,0.0,0.0,0.0017025769139813463,0.0017025769139813463,5.21839322695027,184.63727540404466,0.005416964761528284
16.45484949832776,0.0,0.0,0.9110290924079759,0.0,0.0,-0.0024996761288195893,0.0,0.0,9.808396766541433,0.9110290924079759,0.0024996761288195893,9.808396766541433,0.0,0.0,0.0017467665414336864,0.0017467665414336864,5.217902800396613,184.54674658207512,0.005419646453487819
16.555183946488295,0.0,0.0,0.9107879206145417,0.0,0.0,-0.0023237597398611575,0.0,0.0,9.808421561237779,0.9107879206145417,0.0023237597398611575,9.808421561237779,0.0,0.0,0.0017715612377795509,0.0017715612377795509,5.217412372118413,184.456261828856,0.005422318760312091
16.65551839464883,0.0,0.0,0.9105644207884628,0.0,0.0,-0.002146236781714368,0.0,0.0,9.808428897925202,0.9105644207884628,0.002146236781714368,9.808428897925202,0.0,0.0,0.0017788979252024717,0.0017788979252024717,5.21692194303701,184.36582129295553,0.005424982733194769
16.755852842809364,0.0,0.0,0.9103586708420665,0.0,0.0,-0.001968762146205292,0.0,0.0,9.808420594785021,0.9103586708420665,0.001968762146205292,9.808420594785021,0.0,0.0,0.0017705947850217285,0.0017705947850217285,5.216431513979864,184.27542510531921,0.005427639360209075
16.8561872909699,0.0,0.0,0.9101705920014903,0.0,0.0,-0.001792814665310107,0.0,0.0,9.808398354832924,0.9101705920014903,0.001792814665310107,9.808398354832924,0.0,0.0,0.0017483548329249032,0.0017483548329249032,5.215941085686399,184.18507338038938,0.005430289568098131
16.956521739130434,0.0,0.0,0.9099999658465173,0.0,0.0,-0.0016197084341476986,0.0,0.0,9.808363769790365,0.9099999658465173,0.0016197084341476986,9.808363769790365,0.0,0.0,0.0017137697903653049,0.0017137697903653049,5.215450658813673,184.09476621718838,0.005432934224235819
17.056856187290972,0.0,0.0,0.9098464502380782,0.0,0.0,-0.001450603734629634,0.0,0.0,9.808318324200037,0.9098464502380782,0.001450603734629634,9.808318324200037,0.0,0.0,0.0016683242000379295,0.0016683242000379295,5.214960233941839,184.0045037003618,0.005435574138729963
17.157190635451506,0.0,0.0,0.9097095941744477,0.0,0.0,-0.0012865175379765676,0.0,0.0,9.808263399733068,0.9097095941744477,0.0012865175379765676,9.808263399733068,0.0,0.0,0.0016133997330687322,0.0016133997330687322,5.214469811579385,183.9142859011763,0.005438210066639448
17.25752508361204,0.0,0.0,0.909588851619136,0.0,0.0,-0.001128333568252906,0.0,0.0,9.808200279661447,0.909588851619136,0.001128333568252906,9.808200279661447,0.0,0.0,0.0015502796614477177,0.0015502796614477177,5.213979392168183,183.8241128784807,0.005440842710290735
17.357859531772576,0.0,0.0,0.9094835943451294,0.0,0.0,-0.0009768119118786765,0.0,0.0,9.80813015346608,0.9094835943451294,0.0009768119118786765,9.80813015346608,0.0,0.0,0.00148015346607977,0.00148015346607977,5.213488976088285,183.73398467961735,0.005443472721678028
17.45819397993311,0.0,0.0,0.9093931238415356,0.0,0.0,-0.0008325981599901148,0.0,0.0,9.808054121571733,0.9093931238415356,0.0008325981599901148,9.808054121571733,0.0,0.0,0.0014041215717330857,0.0014041215717330857,5.212998563662486,183.64390134128868,0.005446100704942422
17.558528428093645,0.0,0.0,0.9093166823299386,0.0,0.0,-0.0006962320719458131,0.0,0.0,9.807973200189194,0.9093166823299386,0.0006962320719458131,9.807973200189194,0.0,0.0,0.0013232001891942957,0.0013232001891942957,5.21250815516067,183.5538628903796,0.005448727218919306
17.65886287625418,0.0,0.0,0.9092534629388778,0.0,0.0,-0.0005681557492661851,0.0,0.0,9.807888326264438,0.9092534629388778,0.0005681557492661851,9.807888326264438,0.0,0.0,0.0012383262644384274,0.0012383262644384274,5.212017750803896,183.4638693447325,0.0054513527797542625
17.759197324414718,0.0,0.0,0.9092026190859436,0.0,0.0,-0.00044872130941424527,0.0,0.0,9.80780036253264,0.9092026190859436,0.00044872130941424527,9.80780036253264,0.0,0.0,0.0011503625326412248,0.0011503625326412248,5.211527350768218,183.37392071386884,0.005453977863586648
17.859531772575252,0.0,0.0,0.9091632731179895,0.0,0.0,-0.0003381980496624378,0.0,0.0,9.807710102662433,0.9091632731179895,0.0003381980496624378,9.807710102662433,0.0,0.0,0.0010601026624339482,0.0010601026624339482,5.211036955188289,183.28401699967029,0.005456602909292574
17.959866220735787,0.0,0.0,0.9091345242609427,0.0,0.0,-0.00023677909126844772,0.0,0.0,9.807618276505487,0.9091345242609427,0.00023677909126844772,9.807618276505487,0.0,0.0,0.0009682765054872533,0.0009682765054872533,5.2105465641606745,183.19415819700453,0.005459228321296339
18.06020066889632,0.0,0.0,0.9091154559316661,0.0,0.0,-0.00014458749426161702,0.0,0.0,9.807525555434689,0.9091154559316661,0.00014458749426161702,9.807525555434689,0.0,0.0,0.0008755554346890904,0.0008755554346890904,5.210056177746901,183.1043442943008,0.005461854472441042
18.160535117056856,0.0,0.0,0.9091051424652574,0.0,0.0,-6.168183390505336e-05,0.0,0.0,9.80743255777248,0.9091051424652574,6.168183390505336e-05,9.80743255777248,0.0,0.0,0.0007825577724798194,0.0007825577724798194,5.209565795976259,183.01457527407786,0.0054644817069193835
18.26086956521739,0.0,0.0,0.9091026553120626,0.0,0.0,1.1938770014427917e-05,0.0,0.0,9.807339854305948,0.9091026553120626,1.1938770014427917e-05,9.807339854305948,0.0,0.0,0.0006898543059481455,0.0006898543059481455,5.209075418848303,182.92485111341705,0.005467110343263165
18.361204013377925,0.0,0.0,0.9091070687595441,0.0,0.0,7.633017961864943e-05,0.0,0.0,9.807247973886172,0.9091070687595441,7.633017961864943e-05,9.807247973886172,0.0,0.0,0.0005979738861725536,0.0005979738861725536,5.208585046335109,182.835171784387,0.005469740677390092
18.461538461538463,0.0,0.0,0.9091174652349348,0.0,0.0,0.00013159932819662814,0.0,0.0,9.807157409085423,0.9091174652349348,0.00013159932819662814,9.807157409085423,0.0,0.0,0.0005074090854240154,0.0005074090854240154,5.208094678383203,182.74553725440921,0.005472372985693652
18.561872909698998,0.0,0.0,0.9091329402452926,0.0,0.0,0.00017790087896725658,0.0,0.0,9.807068621930023,0.9091329402452926,0.00017790087896725658,9.807068621930023,0.0,0.0,0.0004186219300237326,0.0004186219300237326,5.2076043149152556,182.65594748657907,0.005475007528185717
18.662207357859533,0.0,0.0,0.9091526070121769,0.0,0.0,0.00021543445872303834,0.0,0.0,9.806982049665129,0.9091526070121769,0.00021543445872303834,9.806982049665129,0.0,0.0,0.0003320496651291194,0.0003320496651291194,5.207113955831448,182.56640243992538,0.005477644551668109
18.762541806020067,0.0,0.0,0.9091756008586126,0.0,0.0,0.00024444246999490263,0.0,0.0,9.806898110560343,0.9091756008586126,0.00024444246999490263,9.806898110560343,0.0,0.0,0.000248110560344017,0.000248110560344017,5.206623601010578,182.47690206962235,0.005480284292937793
18.862876254180602,0.0,0.0,0.9092010834063069,0.0,0.0,0.00026520848389759085,0.0,0.0,9.806817209717744,0.9092010834063069,0.00026520848389759085,9.806817209717744,0.0,0.0,0.00016720971774475402,0.00016720971774475402,5.2061332503108595,182.38744632714548,0.0054829269820045635
18.963210702341136,0.0,0.0,0.9092282466411887,0.0,0.0,0.0002780562137425227,0.0,0.0,9.806739744879188,0.9092282466411887,0.0002780562137425227,9.806739744879188,0.0,0.0,8.9744879188558e-05,8.9744879188558e-05,5.205642903570428,182.298035160372,0.005485572845319488
19.06354515050167,0.0,0.0,0.9092563169052316,0.0,0.0,0.0002833490671142455,0.0,0.0,9.806666112188278,0.9092563169052316,0.0002833490671142455,9.806666112188278,0.0,0.0,1.6112188278682993e-05,1.6112188278682993e-05,5.2051525606075835,182.20866851363442,0.005488222108988918
19.16387959866221,0.0,0.0,0.9092845588721572,0.0,0.0,0.0002814902714033645,0.0,0.0,9.806596711897539,0.9092845588721572,0.0002814902714033645,9.806596711897539,0.0,0.0,-5.328810246041371e-05,5.328810246041371e-05,5.2046622212207,182.11934632771326,0.005490875001969113
19.264214046822744,0.0,0.0,0.909312279563969,0.0,0.0,0.0002729235648377759,0.0,0.0,9.806531953971183,0.909312279563969,0.0002729235648377759,9.806531953971183,0.0,0.0,-0.00011804602881682058,0.00011804602881682058,5.204171885187914,182.03006853978815,0.005493531759213046
19.36454849498328,0.0,0.0,0.9093388324642886,0.0,0.0,0.00025813444155849515,0.0,0.0,9.806472263563263,0.9093388324642886,0.00025813444155849515,9.806472263563263,0.0,0.0,-0.0001777364367363532,0.0001777364367363532,5.203681552266468,181.94083508332855,0.005496192624758442
19.464882943143813,0.0,0.0,0.9093636217831518,0.0,0.0,0.00023765193570894337,0.0,0.0,9.806418086319777,0.9093636217831518,0.00023765193570894337,9.806418086319777,0.0,0.0,-0.00023191368022246195,0.00023191368022246195,5.2031912221918395,181.85164588794356,0.005498857854727413
19.565217391304348,0.0,0.0,0.9093861069261691,0.0,0.0,0.0002120509246395752,0.0,0.0,9.806369893458866,0.9093861069261691,0.0002120509246395752,9.806369893458866,0.0,0.0,-0.000280106541133307,0.000280106541133307,5.202700894676588,181.7625008791823,0.005501527720211917
19.665551839464882,0.0,0.0,0.9094058072187605,0.0,0.0,0.000181954927191656,0.0,0.0,9.806328186592207,0.9094058072187605,0.000181954927191656,9.806328186592207,0.0,0.0,-0.00032181340779224854,0.00032181340779224854,5.202210569408949,181.6733999782887,0.005504202510023787
19.765886287625417,0.0,0.0,0.9094223069334799,0.0,0.0,0.00014803936719947472,0.0,0.0,9.806293502207982,0.9094223069334799,0.00014803936719947472,9.806293502207982,0.0,0.0,-0.0003564977920174073,0.0003564977920174073,5.201720246051205,181.5843431019161,0.005506882533263999
19.866220735785955,0.0,0.0,0.9094352606651538,0.0,0.0,0.00011103526628540034,0.0,0.0,9.806266415773766,0.9094352606651538,0.00011103526628540034,9.806266415773766,0.0,0.0,-0.00038358422623296917,0.00038358422623296917,5.201229924237835,181.49533016180322,0.0055095681216871025
19.96655518394649,0.0,0.0,0.9094443990946429,0.0,0.0,7.173332350142436e-05,0.0,0.0,9.806247545370585,0.9094443990946429,7.173332350142436e-05,9.806247545370585,0.0,0.0,-0.0004024546294143505,0.0004024546294143505,5.200739603573484,181.40636106441758,0.005512259631810008
20.066889632107024,0.0,0.0,0.9094495351774071,0.0,0.0,3.0988331785438704e-05,0.0,0.0,9.806237554795127,0.9094495351774071,3.0988331785438704e-05,9.806237554795127,0.0,0.0,-0.00041244520487282443,0.00041244520487282443,5.200249283630752,181.31743571056805,0.005514957446728772
20.16722408026756,0.0,0.0,0.9094505707876206,0.0,0.0,-1.027612751449242e-05,0.0,0.0,9.806237156018906,0.9094505707876206,1.027612751449242e-05,9.806237156018906,0.0,0.0,-0.00041284398109375786,0.00041284398109375786,5.199758963947839,181.2285539949918,0.005517661977579638
20.267558528428093,0.0,0.0,0.9094475038422477,0.0,0.0,-5.106277994061943e-05,0.0,0.0,9.8062471109326,0.9094475038422477,5.106277994061943e-05,9.8062471109326,0.0,0.0,-0.0004028890673986041,0.0004028890673986041,5.1992686440260965,181.13971580592624,0.005520373664602378
20.367892976588628,0.0,0.0,0.9094404359221938,0.0,0.0,-9.029562113096748e-05,0.0,0.0,9.806268232243623,0.9094404359221938,9.029562113096748e-05,9.806268232243623,0.0,0.0,-0.00038176775637666083,0.00038176775637666083,5.198778323327516,181.05092102467015,0.005523092977730103
20.468227424749163,0.0,0.0,0.909429580399238,0.0,0.0,-0.00012681483798031697,0.0,0.0,9.806301383419417,0.909429580399238,0.00012681483798031697,9.806301383419417,0.0,0.0,-0.00034861658058282785,0.00034861658058282785,5.198288001272182,180.9621695251402,0.005525820416643195
20.5685618729097,0.0,0.0,0.9094152710678296,0.0,0.0,-0.0001593717901832212,0.0,0.0,9.806347477536553,0.9094152710678296,0.0001593717901832212,9.806347477536553,0.0,0.0,-0.0003025224634463086,0.0003025224634463086,5.197797677235764,180.87346117343543,0.005528556510206192
20.668896321070235,0.0,0.0,0.9093979712698887,0.0,0.0,-0.00018662416863066933,0.0,0.0,9.806407474894524,0.9093979712698887,0.00018662416863066933,9.806407474894524,0.0,0.0,-0.00024252510547562167,0.00024252510547562167,5.197307350547092,180.78479582741883,0.005531301815205676
20.76923076923077,0.0,0.0,0.9093782834883583,0.0,0.0,-0.00020713146197740627,0.0,0.0,9.806482379238565,0.9093782834883583,0.00020713146197740627,9.806482379238565,0.0,0.0,-0.000167620761434506,0.000167620761434506,5.196817020485904,180.6961733363302,0.005534056914298473
20.869565217391305,0.0,0.0,0.9093569593712867,0.0,0.0,-0.0002193508794490256,0.0,0.0,9.80657323241203,0.9093569593712867,0.0002193508794490256,9.80657323241203,0.0,0.0,-7.676758797003913e-05,7.676758797003913e-05,5.1963266862807895,180.60759354043677,0.005536822413065929
20.96989966555184,0.0,0.0,0.909334910132536,0.0,0.0,-0.00022163389556053596,0.0,0.0,9.806681107265767,0.909334910132536,0.00022163389556053596,9.806681107265767,0.0,0.0,3.110726576771583e-05,3.110726576771583e-05,5.195836347107471,180.51905627074478,0.005539598936073026
21.070234113712374,0.0,0.0,0.9093132172577065,0.0,0.0,-0.00021222360102475982,0.0,0.0,9.806807098624974,0.9093132172577065,0.00021222360102475982,9.806807098624974,0.0,0.0,0.00015709862497459426,0.00015709862497459426,5.19534600208748,180.43056134878432,0.0055423871218157695
21.17056856187291,0.0,0.0,0.9092931434244431,0.0,0.0,-0.00018925306424414986,0.0,0.0,9.806952312110663,0.9092931434244431,0.00018925306424414986,9.806952312110663,0.0,0.0,0.00030231211066400476,0.00030231211066400476,5.194855650287337,180.3421085864841,0.005545187616437854
21.270903010033447,0.0,0.0,0.9092761435247859,0.0,0.0,-0.00015074492889384354,0.0,0.0,9.807117850596368,0.9092761435247859,0.00015074492889384354,9.807117850596368,0.0,0.0,0.0004678505963688906,0.0004678505963688906,5.1943652907183475,180.25369778615945,0.005548001066087557
21.37123745819398,0.0,0.0,0.9092638756536144,0.0,0.0,-9.4612494530451e-05,0.0,0.0,9.807304798090925,0.9092638756536144,9.4612494530451e-05,9.807304798090925,0.0,0.0,0.0006547980909257234,0.0006547980909257234,5.193874922337141,180.1653287406332,0.005550828107791232
21.471571906354516,0.0,0.0,0.9092582119014212,0.0,0.0,-1.866254932982123e-05,0.0,0.0,9.807514200813113,0.9092582119014212,1.866254932982123e-05,9.807514200813113,0.0,0.0,0.0008642008131136691,0.0008642008131136691,5.193384544047099,180.0770012335165,0.005553669358704872
21.57190635451505,0.0,0.0,0.9092612487616282,0.0,0.0,7.939975346984487e-05,0.0,0.0,9.807747045242905,0.9092612487616282,7.939975346984487e-05,9.807747045242905,0.0,0.0,0.0010970452429059918,0.0010970452429059918,5.192894154700776,179.98871503966745,0.005556525403615682
21.672240802675585,0.0,0.0,0.9092753169323807,0.0,0.0,0.00020196366158573231,0.0,0.0,9.808004232919437,0.9092753169323807,0.00020196366158573231,9.808004232919437,0.0,0.0,0.0013542329194375924,0.0013542329194375924,5.19240375310353,179.9004699258668,0.005559396780556192
21.77257525083612,0.0,0.0,0.9093029902603036,0.0,0.0,0.00035150289687532494,0.0,0.0,9.808286551786377,0.9093029902603036,0.00035150289687532494,9.808286551786377,0.0,0.0,0.0016365517863778933,0.0016365517863778933,5.19191333801848,179.81226565172867,0.005562283964410853
21.872909698996658,0.0,0.0,0.9093470935391826,0.0,0.0,0.0005305626807063565,0.0,0.0,9.808594643890268,0.9093470935391826,0.0005305626807063565,9.808594643890268,0.0,0.0,0.0019446438902690488,0.0019446438902690488,5.191422908172995,179.72410197088598,0.005565187348396726
21.973244147157192,0.0,0.0,0.90941070884009,0.0,0.0,0.0007417433374420804,0.0,0.0,9.808928969244471,0.90941070884009,0.0007417433374420804,9.808928969244471,0.0,0.0,0.0022789692444717957,0.0022789692444717957,5.190932462266887,179.63597863247716,0.005568107223303819
22.073578595317727,0.0,0.0,0.9094971800113061,0.0,0.0,0.0009876800868830727,0.0,0.0,9.809289765744373,0.9094971800113061,0.0009876800868830727,9.809289765744373,0.0,0.0,0.0026397657443730793,0.0026397657443730793,5.190441998982532,179.54789538297442,0.005571043754421252
22.17391304347826,0.0,0.0,0.9096101149468556,0.0,0.0,0.0012710186241138316,0.0,0.0,9.809677005000264,0.9096101149468556,0.0012710186241138316,9.809677005000264,0.0,0.0,0.0030270050002645377,0.0030270050002645377,5.1899515169970565,179.45985196837847,0.005573996956064646
22.274247491638796,0.0,0.0,0.9097533851819241,0.0,0.0,0.001594386077254263,0.0,0.0,9.810090344062568,0.9097533851819241,0.001594386077254263,9.810090344062568,0.0,0.0,0.0034403440625681014,0.0034403440625681014,5.189461014996879,179.37184813682853,0.005576966663680658
22.37458193979933,0.0,0.0,0.9099311223323516,0.0,0.0,0.001960356931298816,0.0,0.0,9.810529073018348,0.9099311223323516,0.001960356931298816,9.810529073018348,0.0,0.0,0.0038790730183482225,0.0038790730183482225,5.188970491694732,179.28388364164942,0.0055799525035077485
22.474916387959865,0.0,0.0,0.91014771085438,0.0,0.0,0.0023714135092717014,0.0,0.0,9.810992058541132,0.91014771085438,0.0023714135092717014,9.810992058541132,0.0,0.0,0.004342058541132232,0.004342058541132232,5.188479945849438,179.19595824488297,0.005582953859830024
22.575250836120404,0.0,0.0,0.9104077765604954,0.0,0.0,0.002829900613041942,0.0,0.0,9.811477683534294,0.9104077765604954,0.002829900613041942,9.811477683534294,0.0,0.0,0.004827683534294636,0.004827683534294636,5.187989376288574,179.1080717213273,0.0055859698398951114
22.67558528428094,0.0,0.0,0.9107161702884142,0.0,0.0,0.0033379739453355986,0.0,0.0,9.8119837831116,0.9107161702884142,0.0033379739453355986,9.8119837831116,0.0,0.0,0.0053337831116007095,0.0053337831116007095,5.187498781934273,179.02022386312467,0.00558899923662556
22.775919732441473,0.0,0.0,0.9110779460837923,0.0,0.0,0.0038975419622321603,0.0,0.0,9.812507577226352,0.9110779460837923,0.0038975419622321603,9.812507577226352,0.0,0.0,0.005857577226352717,0.005857577226352717,5.187008161832291,178.93241448492063,0.005592040489293083
22.876254180602007,0.0,0.0,0.9114983332240791,0.0,0.0,0.004510200843501457,0.0,0.0,9.813045600399054,0.9114983332240791,0.004510200843501457,9.813045600399054,0.0,0.0,0.006395600399054402,0.006395600399054402,5.1865175151845255,178.8446434296248,0.005595091642404264
22.976588628762542,0.0,0.0,0.9119827013821278,0.0,0.0,0.005177162317474561,0.0,0.0,9.813593629080428,0.9119827013821278,0.005177162317474561,9.813593629080428,0.0,0.0,0.006943629080428337,0.006943629080428337,5.186026841385102,178.75691057479347,0.005598150303097326
23.076923076923077,0.0,0.0,0.912536518204843,0.0,0.0,0.0058991741368356046,0.0,0.0,9.814146607306816,0.912536518204843,0.0058991741368356046,9.814146607306816,0.0,0.0,0.0074966073068161165,0.0074966073068161165,5.185536140060139,178.6692158396492,0.005601213597419423
23.17725752508361,0.0,0.0,0.9131652985653818,0.0,0.0,0.0066764330739392105,0.0,0.0,9.814698571435278,0.9131652985653818,0.0066764330739392105,9.814698571435278,0.0,0.0,0.008048571435278262,0.008048571435278262,5.18504541111125,178.58155919274742,0.005604278125929992
23.27759197324415,0.0,0.0,0.9138745447384737,0.0,0.0,0.007508490387903529,0.0,0.0,9.815242574844026,0.9138745447384737,0.007508490387903529,9.815242574844026,0.0,0.0,0.008592574844026757,0.008592574844026757,5.184554654762807,178.49394066029285,0.005607339919133846
23.377926421404684,0.0,0.0,0.914669676748476,0.0,0.0,0.008394149812143042,0.0,0.0,9.815770613640783,0.914669676748476,0.008394149812143042,9.815770613640783,0.0,0.0,0.009120613640783759,0.009120613640783759,5.184063871612951,178.40636033509722,0.005610394393339755
23.47826086956522,0.0,0.0,0.9155559521500405,0.0,0.0,0.009331358219148317,0.0,0.0,9.816273554499341,0.9155559521500405,0.009331358219148317,9.816273554499341,0.0,0.0,0.009623554499341935,0.009623554499341935,5.183573062688264,178.31881838616619,0.005613436307587157
23.578595317725753,0.0,0.0,0.9165383745229289,0.0,0.0,0.010317089238619955,0.0,0.0,9.81674106589011,0.9165383745229289,0.010317089238619955,9.81674106589011,0.0,0.0,0.010091065890110329,0.010091065890110329,5.183082229501957,178.23131506888188,0.00561645972237014
23.678929765886288,0.0,0.0,0.9176215899967044,0.0,0.0,0.011347220236894969,0.0,0.0,9.817161554075406,0.9176215899967044,0.011347220236894969,9.817161554075406,0.0,0.0,0.010511554075407048,0.010511554075407048,5.182591374115378,178.143850735749,0.00561945796095076
23.779264214046822,0.0,0.0,0.9188097711689557,0.0,0.0,0.012416403208133486,0.0,0.0,9.817522105349383,0.9188097711689557,0.012416403208133486,9.817522105349383,0.0,0.0,0.010872105349383432,0.010872105349383432,5.182100499202572,178.05642584764973,0.005622423574120121
23.879598662207357,0.0,0.0,0.920106487843482,0.0,0.0,0.013517930282396453,0.0,0.0,9.817808436135895,0.920106487843482,0.013517930282396453,9.817808436135895,0.0,0.0,0.0111584361358954,0.0111584361358954,5.181609608117527,177.96904098554583,0.005625348309345753
23.979933110367895,0.0,0.0,0.9215145640936679,0.0,0.0,0.014643594721325249,0.0,0.0,9.818004852642698,0.9215145640936679,0.014643594721325249,9.818004852642698,0.0,0.0,0.011354852642698532,0.011354852642698532,5.181118704963677,177.88169686254523,0.005628223085296963
24.08026755852843,0.0,0.0,0.9230359212523107,0.0,0.0,0.01578354845153298,0.0,0.0,9.818094221961474,0.9230359212523107,0.01578354845153298,9.818094221961474,0.0,0.0,0.0114442219614741,0.0114442219614741,5.180627794665138,177.7943943362416,0.005631037972853711
24.180602006688964,0.0,0.0,0.9246714065438656,0.0,0.0,0.016926157379568603,0.0,0.0,9.81805795659926,0.9246714065438656,0.016926157379568603,9.81805795659926,0.0,0.0,0.011407956599260416,0.011407956599260416,5.18013688303905,177.70713442121453,0.005633782183764724
24.2809364548495,0.0,0.0,0.9264206072099527,0.0,0.0,0.018057855942175665,0.0,0.0,9.8178760146529,0.9264206072099527,0.018057855942175665,9.8178760146529,0.0,0.0,0.011226014652899963,0.011226014652899963,5.179645976868301,177.6199183015582,0.00563644406825564
24.381270903010034,0.0,0.0,0.9282816501359269,0.0,0.0,0.01916300257731057,0.0,0.0,9.817526918049817,0.9282816501359269,0.01916300257731057,9.817526918049817,0.0,0.0,0.010876918049817164,0.010876918049817164,5.179155083973794,177.53274734329355,0.005639011123015107
24.48160535117057,0.0,0.0,0.9302509871675618,0.0,0.0,0.020223738055389236,0.0,0.0,9.816987791511773,0.9302509871675618,0.020223738055389236,9.816987791511773,0.0,0.0,0.010337791511773275,0.010337791511773275,5.17866421328529,177.44562310648968,0.005641470011127497
24.581939799331103,0.0,0.0,0.9323231665150371,0.0,0.0,0.0212198488941192,0.0,0.0,9.816234425262842,0.9323231665150371,0.0212198488941192,9.816234425262842,0.0,0.0,0.009584425262842089,0.009584425262842089,5.178173374909687,177.3585473568942,0.005643806595737491
24.68227424749164,0.0,0.0,0.9344905908796094,0.0,0.0,0.022128638397330033,0.0,0.0,9.81524136480139,0.9344905908796094,0.022128638397330033,9.81524136480139,0.0,0.0,0.00859136480139,0.00859136480139,5.1776825801955155,177.27152207685884,0.005646005989411051
24.782608695652176,0.0,0.0,0.9367432632100304,0.0,0.0,0.02292480821109076,0.0,0.0,9.81398203147384,0.9367432632100304,0.02292480821109076,9.81398203147384,0.0,0.0,0.007332031473840317,0.007332031473840317,5.177191841792152,177.18454947529628,0.005648052621407161
24.88294314381271,0.0,0.0,0.9390685213048303,0.0,0.0,0.023580353684912406,0.0,0.0,9.812428878002606,0.9390685213048303,0.023580353684912406,9.812428878002606,0.0,0.0,0.005778878002606902,0.005778878002606902,5.176701173702144,177.09763199638675,0.005649930325322602
24.983277591973245,0.0,0.0,0.9414507628271017,0.0,0.0,0.024064476760515867,0.0,0.0,9.810553583509476,0.9414507628271017,0.024064476760515867,9.810553583509476,0.0,0.0,0.003903583509476505,0.003903583509476505,5.176210591324763,177.0107723267071,0.005651622449807221
25.08361204013378,0.0,0.0,0.9438711626942058,0.0,0.0,0.02434352058156721,0.0,0.0,9.808327292911565,0.9438711626942058,0.02434352058156721,9.808327292911565,0.0,0.0,0.0016772929115660418,0.0016772929115660418,5.175720111488705,176.92397340041745,0.005653111995252215
25.183946488294314,0.0,0.0,0.9463073852493299,0.0,0.0,0.02438093052092087,0.0,0.0,9.805720905875521,0.9463073852493299,0.02438093052092087,9.805720905875521,0.0,0.0,-0.0009290941244781692,0.0009290941244781692,5.175229752471573,176.837238402096,0.005654381779544557
25.28428093645485,0.0,0.0,0.9487332941174428,0.0,0.0,0.024137246841338424,0.0,0.0,9.802705420532842,0.9487332941174428,0.024137246841338424,9.802705420532842,0.0,0.0,-0.0039445794671575385,0.0039445794671575385,5.174739534003549,176.75057076677024,0.005655414636003676
25.384615384615387,0.0,0.0,0.9511186631955497,0.0,0.0,0.023570134720803913,0.0,0.0,9.799252337056481,0.9511186631955497,0.023570134720803913,9.799252337056481,0.0,0.0,-0.0073976629435179575,0.0073976629435179575,5.17424947725238,176.663974176648,0.005656193646570407
25.48494983277592,0.0,0.0,0.9534288928244243,0.0,0.0,0.022634457856692162,0.0,0.0,9.795334125661297,0.9534288928244243,0.022634457856692162,9.795334125661297,0.0,0.0,-0.011315874338702514,0.011315874338702514,5.173759604786572,176.5774525540092,0.005656702413020522
25.585284280936456,0.0,0.0,0.9556247358310072,0.0,0.0,0.021282402274969525,0.0,0.0,9.790924762704265,0.9556247358310072,0.021282402274969525,9.790924762704265,0.0,0.0,-0.01572523729573483,0.01572523729573483,5.173269940513496,176.49101004969285,0.00565692536847374
25.68561872909699,0.0,0.0,0.9576620388078445,0.0,0.0,0.019463657261780436,0.0,0.0,9.786000337031965,0.9576620388078445,0.019463657261780436,9.786000337031965,0.0,0.0,-0.020649662968034832,0.020649662968034832,5.172780509588902,176.4046510265739,0.005656848130594765
25.785953177257525,0.0,0.0,0.9594915046932904,0.0,0.0,0.01712566044714072,0.0,0.0,9.780539726675253,0.9594915046932904,0.01712566044714072,9.780539726675253,0.0,0.0,-0.026110273324746913,0.026110273324746913,5.172291338294395,176.31838003744014,0.005656457896702366
25.88628762541806,0.0,0.0,0.9610584834124047,0.0,0.0,0.014213913935150929,0.0,0.0,9.774525343084962,0.9610584834124047,0.014213913935150929,9.774525343084962,0.0,0.0,-0.03212465691503752,0.03212465691503752,5.171802453879351,176.23220179666984,0.00565574387932077
25.986622073578594,0.0,0.0,0.9623027980049497,0.0,0.0,0.010672377915752118,0.0,0.0,9.767943936527072,0.9623027980049497,0.010672377915752118,9.767943936527072,0.0,0.0,-0.03870606347292771,0.03870606347292771,5.171313884364123,176.1461211451739,0.005654697778628323
26.086956521739133,0.0,0.0,0.963158614267275,0.0,0.0,0.006443947330758642,0.0,0.0,9.760787451773068,0.963158614267275,0.006443947330758642,9.760787451773068,0.0,0.0,-0.04586254822693192,0.04586254822693192,5.1708256583016885,176.0601430081256,0.0056533142856445085
26.187290969899667,0.0,0.0,0.9635543624249857,0.0,0.0,0.0014710158234583063,0.0,0.0,9.753053918080937,0.9635543624249857,0.0014710158234583063,9.753053918080937,0.0,0.0,-0.0535960819190624,0.0535960819190624,5.170337804495683,175.9742723451413,0.005651591606987334
26.287625418060202,0.0,0.0,0.9634127196818625,0.0,0.0,-0.004303870685917767,0.0,0.0,9.744748351731552,0.9634127196818625,0.004303870685917767,9.744748351731552,0.0,0.0,-0.06190164826844757,0.06190164826844757,5.169850351673603,175.88851409272235,0.005649531998668332
26.387959866220736,0.0,0.0,0.9626506626011647,0.0,0.0,-0.010937270928030507,0.0,0.0,9.735883643426202,0.9626506626011647,0.010937270928030507,9.735883643426202,0.0,0.0,-0.07076635657379704,0.07076635657379704,5.1693633281152644,175.8028730990015,0.005647142292877982
26.48829431438127,0.0,0.0,0.9611795981099179,0.0,0.0,-0.018484018896900906,0.0,0.0,9.726481397196398,0.9611795981099179,0.018484018896900906,9.726481397196398,0.0,0.0,-0.08016860280360127,0.08016860280360127,5.168876761238094,175.71735405109533,0.005644434398360754
26.588628762541806,0.0,0.0,0.9589055814203263,0.0,0.0,-0.02699631489492654,0.0,0.0,9.716572682843097,0.9589055814203263,0.02699631489492654,9.716572682843097,0.0,0.0,-0.09007731715690248,0.09007731715690248,5.168390677142657,175.63196139568606,0.00564142575220191
26.68896321070234,0.0,0.0,0.955729628290941,0.0,0.0,-0.03652274769277479,0.0,0.0,9.706198661199945,0.955729628290941,0.03652274769277479,9.706198661199945,0.0,0.0,-0.1004513388000543,0.1004513388000543,5.167905100123725,175.54669925378593,0.005638139699169986
26.78929765886288,0.0,0.0,0.951548127779897,0.0,0.0,-0.04710726252809831,0.0,0.0,9.695411042093594,0.951548127779897,0.04710726252809831,9.695411042093594,0.0,0.0,-0.11123895790640503,0.11123895790640503,5.16742005215426,175.46157133099877,0.0056346057749919465
26.889632107023413,0.0,0.0,0.9462533599819815,0.0,0.0,-0.05878809343020513,0.0,0.0,9.684272339864279,0.9462533599819815,0.05878809343020513,9.684272339864279,0.0,0.0,-0.12237766013572049,0.12237766013572049,5.166935552351584,175.37658082491583,0.00563085987273982
26.989966555183948,0.0,0.0,0.9397341212446525,0.0,0.0,-0.07159668131636894,0.0,0.0,9.672855902412453,0.9397341212446525,0.07159668131636894,9.672855902412453,0.0,0.0,-0.1337940975875469,0.1337940975875469,5.1664516164364,175.2917303315291,0.005626944277881375
27.090301003344482,0.0,0.0,0.9318764571402791,0.0,0.0,-0.08555660077109437,0.0,0.0,9.661245708493045,0.9318764571402791,0.08555660077109437,9.661245708493045,0.0,0.0,-0.14540429150695466,0.14540429150695466,5.165968256196189,175.2070217526778,0.005622907568408124
27.190635451505017,0.0,0.0,0.9225645012237553,0.0,0.0,-0.10068251755937396,0.0,0.0,9.649535955741365,0.9225645012237553,0.10068251755937396,9.649535955741365,0.0,0.0,-0.15711404425863407,0.15711404425863407,5.165485478963944,175.1224562064489,0.005618804392614834
27.29096989966555,0.0,0.0,0.9116814156084415,0.0,0.0,-0.11697919474689512,0.0,0.0,9.637830500508215,0.9116814156084415,0.11697919474689512,9.637830500508215,0.0,0.0,-0.168819499491784,0.168819499491784,5.165003287121236,175.0380339420904,0.005614695159654762
27.391304347826086,0.0,0.0,0.8991104280377505,0.0,0.0,-0.13444055666691784,0.0,0.0,9.626242261091335,0.8991104280377505,0.13444055666691784,9.626242261091335,0.0,0.0,-0.18040773890866468,0.18040773890866468,5.164521677630177,174.9537542602241,0.005610645707601046
27.491638795986624,0.0,0.0,0.8847359599246756,0.0,0.0,-0.15304880559457545,0.0,0.0,9.614892760355518,0.8847359599246756,0.15304880559457545,9.614892760355518,0.0,0.0,-0.1917572396444811,0.1917572396444811,5.164040641591765,174.86961543789462,0.005606727051596169
27.59197324414716,0.0,0.0,0.8684448414251708,0.0,0.0,-0.17277356439551697,0.0,0.0,9.603912063625655,0.8684448414251708,0.17277356439551697,9.603912063625655,0.0,0.0,-0.20273793637434423,0.20273793637434423,5.163560163817183,174.78561465609752,0.0056030153617403254
27.692307692307693,0.0,0.0,0.8501276138107171,0.0,0.0,-0.19357098789354735,0.0,0.0,9.593439466413738,0.8501276138107171,0.19357098789354735,9.593439466413738,0.0,0.0,-0.21321053358626152,0.21321053358626152,5.163080222383494,174.70174792478065,0.00559959237862714
27.792642140468228,0.0,0.0,0.8296799272069288,0.0,0.0,-0.21538274418221398,0.0,0.0,9.583625407812931,0.8296799272069288,0.21538274418221398,9.583625407812931,0.0,0.0,-0.22302459218706794,0.22302459218706794,5.162600788124276,174.6180099967001,0.005596546546165963
27.892976588628763,0.0,0.0,0.8070040544003741,0.0,0.0,-0.23813471194887284,0.0,0.0,9.574635236853894,0.8070040544003741,0.23813471194887284,9.574635236853894,0.0,0.0,-0.2320147631461058,0.2320147631461058,5.1621218239782785,174.5343942567354,0.005593975231041263
27.993311036789297,0.0,0.0,0.7820105604268835,0.0,0.0,-0.2617351675209333,0.0,0.0,9.566655651704899,0.7820105604268835,0.2617351675209333,9.566655651704899,0.0,0.0,-0.23999434829510058,0.23999434829510058,5.16164328408293,174.45089256701155,0.005591988512339159
28.093645484949832,0.0,0.0,0.7546201950145465,0.0,0.0,-0.28607214072580506,0.0,0.0,9.559904884197667,0.7546201950145465,0.28607214072580506,9.559904884197667,0.0,0.0,-0.24674511580233194,0.24674511580233194,5.161165112452248,174.3674950399936,0.005590715174698884
28.19397993311037,0.0,0.0,0.7247661132626286,0.0,0.0,-0.3110094943125455,0.0,0.0,9.554648044067525,0.7247661132626286,0.3110094943125455,9.554648044067525,0.0,0.0,-0.25200195593247443,0.25200195593247443,5.160687241016522,174.28418970100114,0.005590311741155911
28.294314381270905,0.0,0.0,0.6923965827268403,0.0,0.0,-0.3363811164032136,0.0,0.0,9.551219514119111,0.6923965827268403,0.3363811164032136,9.551219514119111,0.0,0.0,-0.255430485880888,0.255430485880888,5.160209586718486,174.2009619873308,0.005590975664627363
28.39464882943144,0.0,0.0,0.657478407284189,0.0,0.0,-0.3619823924498087,0.0,0.0,9.550054964948988,0.657478407284189,0.3619823924498087,9.550054964948988,0.0,0.0,-0.2565950350510118,0.2565950350510118,5.1597320472492365,174.11779401197646,0.005592964198661399
28.494983277591974,0.0,0.0,0.6200013967547551,0.0,0.0,-0.38755781813886836,0.0,0.0,9.551736521269818,0.6200013967547551,0.38755781813886836,9.551736521269818,0.0,0.0,-0.254913478730181,0.254913478730181,5.159254494854579,174.03466349366255,0.005596621039340771
28.59531772575251,0.0,0.0,0.5799843461079474,0.0,0.0,-0.4127831947972824,0.0,0.0,9.557055945561896,0.5799843461079474,0.4127831947972824,9.557055945561896,0.0,0.0,-0.2495940544381039,0.2495940544381039,5.158776767432597,173.9515422187732,0.005602413621472807
28.695652173913043,0.0,0.0,0.537483172535859,0.0,0.0,-0.43724027664448734,0.0,0.0,9.567102417494004,0.537483172535859,0.43724027664448734,9.567102417494004,0.0,0.0,-0.2395475825059954,0.2395475825059954,5.158298655857075,173.8683938515408,0.005610984969855414
28.795986622073578,0.0,0.0,0.49260210917436453,0.0,0.0,-0.46038099058540466,0.0,0.0,9.583383303687649,0.49260210917436453,0.46038099058540466,9.583383303687649,0.0,0.0,-0.22326669631235063,0.22326669631235063,5.157819886087103,173.78517084453082,0.005623225090186008
28.896321070234116,0.0,0.0,0.44550918636045966,0.0,0.0,-0.4814774656926979,0.0,0.0,9.607987194166483,0.44550918636045966,0.4814774656926979,9.607987194166483,0.0,0.0,-0.19866280583351603,0.19866280583351603,5.157340094181439,173.70181012573337,0.005640367425580685
28.99665551839465,0.0,0.0,0.39645764734013983,0.0,0.0,-0.49955331471370734,0.0,0.0,9.643795825413328,0.39645764734013983,0.49955331471370734,9.643795825413328,0.0,0.0,-0.16285417458667162,0.16285417458667162,5.156858791938702,173.61822717089765,0.005664114372129255
29.096989966555185,0.0,0.0,0.34581540768418273,0.0,0.0,-0.513291478405448,0.0,0.0,9.694740900751858,0.34581540768418273,0.513291478405448,9.694740900751858,0.0,0.0,-0.11190909924814108,0.11190909924814108,5.156375320818815,173.5343080600424,0.005696789636373475
29.19732441471572,0.0,0.0,0.2941050658212373,0.0,0.0,-0.5209153588534812,0.0,0.0,9.76608149028748,0.2941050658212373,0.5209153588534812,9.76608149028748,0.0,0.0,-0.040568509712519685,0.040568509712519685,5.155888792508729,173.44989924170494,0.005741503267772035
29.297658862876254,0.0,0.0,0.24205713370333354,0.0,0.0,-0.5200432835046213,0.0,0.0,9.864660016689722,0.24205713370333354,0.5200432835046213,9.864660016689722,0.0,0.0,0.05801001668972283,0.05801001668972283,5.1553980161532715,173.36479501757933,0.005802304760613956
29.39799331103679,0.0,0.0,0.19067881563365732,0.0,0.0,-0.5075230778889409,0.0,0.0,9.99904409562389,0.19067881563365732,0.5075230778889409,9.99904409562389,0.0,0.0,0.1923940956238912,0.1923940956238912,5.154901415640208,173.27872334481376,0.005884269679376121
29.498327759197323,0.0,0.0,0.14133778610399178,0.0,0.0,-0.4792975127044216,0.0,0.0,10.17876720806651,0.14133778610399178,0.4792975127044216,10.17876720806651,0.0,0.0,0.37211720806651094,0.37211720806651094,5.154396962322709,173.19133436165484,0.005993056170188818
29.59866220735786,0.0,0.0,0.09584392685630459,0.0,0.0,-0.430579672249396,0.0,0.0,10.408889601034021,0.09584392685630459,0.430579672249396,10.408889601034021,0.0,0.0,0.6022396010340216,0.6022396010340216,5.153882262704881,173.102215784664,0.006131702842253339
29.698996655518396,0.0,0.0,0.056464673110558854,0.0,0.0,-0.3570054026656283,0.0,0.0,10.67589579064136,0.056464673110558854,0.3570054026656283,10.67589579064136,0.0,0.0,0.8692457906413598,0.8692457906413598,5.153355134674812,173.01099279986525,0.006292307702304736
29.79933110367893,0.0,0.0,0.02578541623278284,0.0,0.0,-0.25657973489006947,0.0,0.0,10.945917564869857,0.02578541623278284,0.25657973489006947,10.945917564869857,0.0,0.0,1.1392675648698578,1.1392675648698578,5.152814580730941,172.91749629760236,0.006454945188199815
29.899665551839465,0.0,0.0,0.006478214744081194,0.0,0.0,-0.12956429488431856,0.0,0.0,11.207691235245228,0.006478214744081194,0.12956429488431856,11.207691235245228,0.0,0.0,1.4010412352452288,1.4010412352452288,5.15226073168407,172.82175262330944,0.006612977989837105
30.0,0.0,0.0,-6.709103527504316e-14,0.0,0.0,1.1028160071392563e-14,0.0,0.0,10.996894662441516,6.709103527504316e-14,1.1028160071392563e-14,10.996894662441516,0.0,0.0,1.1902446624415166,1.1902446624415166,5.151705608197766,172.7258418331131,0.006492202707303457
